{
  "tbtc_price_usd": 118081,
  "nummus_price_usd": 0.108025,
  "total_tbtc_balance": 0.13133303,
  "total_usd_value": 15507.93,
  "wallet_1": {
    "tbtc_balance": 0.00524803,
    "tbtc_usd_value": 619.69
  },
  "wallet_2": {
    "tbtc_balance": 0.12608500,
    "tbtc_usd_value": 14888.24
  },
  "timestamp": "2025-07-19T10:22:45Z"
}
