{
  "tbtc_price_usd": 108355,
  "nummus_price_usd": 0.099055,
  "total_tbtc_balance": 0.08493421,
  "total_usd_value": 9203.04,
  "wallet_1": {
    "tbtc_balance": 0.00415802,
    "tbtc_usd_value": 450.54
  },
  "wallet_2": {
    "tbtc_balance": 0.08077619,
    "tbtc_usd_value": 8752.50
  },
  "timestamp": "2025-07-08T15:23:02Z"
}
