{
  "tbtc_price_usd": 118183,
  "nummus_price_usd": 0.107826,
  "total_tbtc_balance": 0.11972229,
  "total_usd_value": 14149.14,
  "wallet_1": {
    "tbtc_balance": 0.00703036,
    "tbtc_usd_value": 830.87
  },
  "wallet_2": {
    "tbtc_balance": 0.11269193,
    "tbtc_usd_value": 13318.27
  },
  "timestamp": "2025-07-17T05:26:07Z"
}
