{
  "tbtc_price_usd": 107755,
  "nummus_price_usd": 0.112001,
  "total_tbtc_balance": 0.07367676,
  "total_usd_value": 7939.04,
  "wallet_1": {
    "tbtc_balance": 0.00323056,
    "tbtc_usd_value": 348.11
  },
  "wallet_2": {
    "tbtc_balance": 0.07044620,
    "tbtc_usd_value": 7590.93
  },
  "timestamp": "2025-07-04T22:19:54Z"
}
