{
  "tbtc_price_usd": 116952,
  "nummus_price_usd": 0.063207,
  "total_tbtc_balance": 0.10352075,
  "total_usd_value": 12106.96,
  "wallet_1": {
    "tbtc_balance": 0.00193295,
    "tbtc_usd_value": 226.06
  },
  "wallet_2": {
    "tbtc_balance": 0.10158780,
    "tbtc_usd_value": 11880.90
  },
  "timestamp": "2025-07-12T21:19:12Z"
}
