{
  "tbtc_price_usd": 108113,
  "nummus_price_usd": 0.085401,
  "total_tbtc_balance": 0.07985040,
  "total_usd_value": 8632.87,
  "wallet_1": {
    "tbtc_balance": 0.00940420,
    "tbtc_usd_value": 1016.72
  },
  "wallet_2": {
    "tbtc_balance": 0.07044620,
    "tbtc_usd_value": 7616.15
  },
  "timestamp": "2025-07-07T15:21:50Z"
}
