{
  "tbtc_price_usd": 115890,
  "nummus_price_usd": 0.136514,
  "total_tbtc_balance": 0.15409050,
  "total_usd_value": 17857.55,
  "wallet_1": {
    "tbtc_balance": 0.00467644,
    "tbtc_usd_value": 541.95
  },
  "wallet_2": {
    "tbtc_balance": 0.14941406,
    "tbtc_usd_value": 17315.60
  },
  "timestamp": "2025-07-25T05:29:01Z"
}
