{
  "tbtc_price_usd": 110925,
  "nummus_price_usd": 0.094493,
  "total_tbtc_balance": 0.09533331,
  "total_usd_value": 10574.85,
  "wallet_1": {
    "tbtc_balance": 0.01455712,
    "tbtc_usd_value": 1614.75
  },
  "wallet_2": {
    "tbtc_balance": 0.08077619,
    "tbtc_usd_value": 8960.10
  },
  "timestamp": "2025-07-10T14:22:08Z"
}
