{
  "tbtc_price_usd": 117788,
  "nummus_price_usd": 0.111574,
  "total_tbtc_balance": 0.16011356,
  "total_usd_value": 18859.45,
  "wallet_1": {
    "tbtc_balance": 0.00047394,
    "tbtc_usd_value": 55.82
  },
  "wallet_2": {
    "tbtc_balance": 0.15963962,
    "tbtc_usd_value": 18803.63
  },
  "timestamp": "2025-07-26T10:22:50Z"
}
