{
  "tbtc_price_usd": 116685,
  "nummus_price_usd": 0.098045,
  "total_tbtc_balance": 0.11446280,
  "total_usd_value": 13356.09,
  "wallet_1": {
    "tbtc_balance": 0.00177087,
    "tbtc_usd_value": 206.63
  },
  "wallet_2": {
    "tbtc_balance": 0.11269193,
    "tbtc_usd_value": 13149.46
  },
  "timestamp": "2025-07-16T01:52:26Z"
}
