{
  "tbtc_price_usd": 117324,
  "nummus_price_usd": 0.10942,
  "total_tbtc_balance": 0.12815420,
  "total_usd_value": 15035.57,
  "wallet_1": {
    "tbtc_balance": 0.00206920,
    "tbtc_usd_value": 242.77
  },
  "wallet_2": {
    "tbtc_balance": 0.12608500,
    "tbtc_usd_value": 14792.80
  },
  "timestamp": "2025-07-18T19:18:21Z"
}
