{
  "tbtc_price_usd": 120067,
  "nummus_price_usd": 0.109853,
  "total_tbtc_balance": 0.12506449,
  "total_usd_value": 15016.12,
  "wallet_1": {
    "tbtc_balance": 0.01237256,
    "tbtc_usd_value": 1485.54
  },
  "wallet_2": {
    "tbtc_balance": 0.11269193,
    "tbtc_usd_value": 13530.58
  },
  "timestamp": "2025-07-18T04:40:55Z"
}
