{
  "tbtc_price_usd": 108477,
  "nummus_price_usd": 0.102959,
  "total_tbtc_balance": 0.08388380,
  "total_usd_value": 9099.46,
  "wallet_1": {
    "tbtc_balance": 0.00310761,
    "tbtc_usd_value": 337.10
  },
  "wallet_2": {
    "tbtc_balance": 0.08077619,
    "tbtc_usd_value": 8762.36
  },
  "timestamp": "2025-07-08T10:23:22Z"
}
