{
  "tbtc_price_usd": 117406,
  "nummus_price_usd": 0.10578,
  "total_tbtc_balance": 0.11550644,
  "total_usd_value": 13561.15,
  "wallet_1": {
    "tbtc_balance": 0.00281451,
    "tbtc_usd_value": 330.44
  },
  "wallet_2": {
    "tbtc_balance": 0.11269193,
    "tbtc_usd_value": 13230.71
  },
  "timestamp": "2025-07-16T05:26:56Z"
}
