{
  "tbtc_price_usd": 118023,
  "nummus_price_usd": 0.108568,
  "total_tbtc_balance": 0.12921997,
  "total_usd_value": 15250.93,
  "wallet_1": {
    "tbtc_balance": 0.00313497,
    "tbtc_usd_value": 370.00
  },
  "wallet_2": {
    "tbtc_balance": 0.12608500,
    "tbtc_usd_value": 14880.93
  },
  "timestamp": "2025-07-19T01:49:02Z"
}
