{
  "tbtc_price_usd": 109157,
  "nummus_price_usd": 0.092512,
  "total_tbtc_balance": 0.07810339,
  "total_usd_value": 8525.54,
  "wallet_1": {
    "tbtc_balance": 0.00765719,
    "tbtc_usd_value": 835.84
  },
  "wallet_2": {
    "tbtc_balance": 0.07044620,
    "tbtc_usd_value": 7689.70
  },
  "timestamp": "2025-07-06T22:20:41Z"
}
