{
  "tbtc_price_usd": 117237,
  "nummus_price_usd": 0.063202,
  "total_tbtc_balance": 0.10352075,
  "total_usd_value": 12136.46,
  "wallet_1": {
    "tbtc_balance": 0.00193295,
    "tbtc_usd_value": 226.61
  },
  "wallet_2": {
    "tbtc_balance": 0.10158780,
    "tbtc_usd_value": 11909.85
  },
  "timestamp": "2025-07-12T22:20:04Z"
}
