{
  "tbtc_price_usd": 117215,
  "nummus_price_usd": 0.063301,
  "total_tbtc_balance": 0.10289599,
  "total_usd_value": 12060.95,
  "wallet_1": {
    "tbtc_balance": 0.00130819,
    "tbtc_usd_value": 153.34
  },
  "wallet_2": {
    "tbtc_balance": 0.10158780,
    "tbtc_usd_value": 11907.61
  },
  "timestamp": "2025-07-12T18:28:19Z"
}
