{
  "tbtc_price_usd": 117740,
  "nummus_price_usd": 0.109402,
  "total_tbtc_balance": 0.12077732,
  "total_usd_value": 14220.32,
  "wallet_1": {
    "tbtc_balance": 0.00808539,
    "tbtc_usd_value": 951.97
  },
  "wallet_2": {
    "tbtc_balance": 0.11269193,
    "tbtc_usd_value": 13268.35
  },
  "timestamp": "2025-07-17T07:23:28Z"
}
