{
  "tbtc_price_usd": 109217,
  "nummus_price_usd": 0.122326,
  "total_tbtc_balance": 0.07100102,
  "total_usd_value": 7754.52,
  "wallet_1": {
    "tbtc_balance": 0.00055482,
    "tbtc_usd_value": 60.60
  },
  "wallet_2": {
    "tbtc_balance": 0.07044620,
    "tbtc_usd_value": 7693.92
  },
  "timestamp": "2025-07-03T17:21:04Z"
}
