{
  "tbtc_price_usd": 116613,
  "nummus_price_usd": 0.077705,
  "total_tbtc_balance": 0.11192239,
  "total_usd_value": 13051.61,
  "wallet_1": {
    "tbtc_balance": 0.01033459,
    "tbtc_usd_value": 1205.15
  },
  "wallet_2": {
    "tbtc_balance": 0.10158780,
    "tbtc_usd_value": 11846.46
  },
  "timestamp": "2025-07-15T12:46:57Z"
}
