{
  "tbtc_price_usd": 109080,
  "nummus_price_usd": 0.089098,
  "total_tbtc_balance": 0.07892422,
  "total_usd_value": 8609.05,
  "wallet_1": {
    "tbtc_balance": 0.00847802,
    "tbtc_usd_value": 924.78
  },
  "wallet_2": {
    "tbtc_balance": 0.07044620,
    "tbtc_usd_value": 7684.27
  },
  "timestamp": "2025-07-07T06:33:33Z"
}
