{
  "tbtc_price_usd": 118503,
  "nummus_price_usd": 0.066706,
  "total_tbtc_balance": 0.10599389,
  "total_usd_value": 12560.59,
  "wallet_1": {
    "tbtc_balance": 0.00440609,
    "tbtc_usd_value": 522.13
  },
  "wallet_2": {
    "tbtc_balance": 0.10158780,
    "tbtc_usd_value": 12038.46
  },
  "timestamp": "2025-07-13T21:19:18Z"
}
