{
  "tbtc_price_usd": 111160,
  "nummus_price_usd": 0.098899,
  "total_tbtc_balance": 0.09332218,
  "total_usd_value": 10373.69,
  "wallet_1": {
    "tbtc_balance": 0.01254599,
    "tbtc_usd_value": 1394.61
  },
  "wallet_2": {
    "tbtc_balance": 0.08077619,
    "tbtc_usd_value": 8979.08
  },
  "timestamp": "2025-07-10T08:29:38Z"
}
