{
  "tbtc_price_usd": 107526,
  "nummus_price_usd": 0.11537,
  "total_tbtc_balance": 0.07367676,
  "total_usd_value": 7922.17,
  "wallet_1": {
    "tbtc_balance": 0.00323056,
    "tbtc_usd_value": 347.37
  },
  "wallet_2": {
    "tbtc_balance": 0.07044620,
    "tbtc_usd_value": 7574.80
  },
  "timestamp": "2025-07-04T19:17:26Z"
}
