{
  "tbtc_price_usd": 119377,
  "nummus_price_usd": 0.109159,
  "total_tbtc_balance": 0.12295280,
  "total_usd_value": 14677.73,
  "wallet_1": {
    "tbtc_balance": 0.01026087,
    "tbtc_usd_value": 1224.91
  },
  "wallet_2": {
    "tbtc_balance": 0.11269193,
    "tbtc_usd_value": 13452.82
  },
  "timestamp": "2025-07-17T18:33:21Z"
}
