{
  "tbtc_price_usd": 115651,
  "nummus_price_usd": 0.139219,
  "total_tbtc_balance": 0.15651367,
  "total_usd_value": 18100.97,
  "wallet_1": {
    "tbtc_balance": 0.00709961,
    "tbtc_usd_value": 821.08
  },
  "wallet_2": {
    "tbtc_balance": 0.14941406,
    "tbtc_usd_value": 17279.89
  },
  "timestamp": "2025-07-25T16:28:38Z"
}
