{
  "tbtc_price_usd": 108747,
  "nummus_price_usd": 0.092188,
  "total_tbtc_balance": 0.07767745,
  "total_usd_value": 8447.19,
  "wallet_1": {
    "tbtc_balance": 0.00723125,
    "tbtc_usd_value": 786.38
  },
  "wallet_2": {
    "tbtc_balance": 0.07044620,
    "tbtc_usd_value": 7660.81
  },
  "timestamp": "2025-07-06T15:20:15Z"
}
