{
  "tbtc_price_usd": 115412,
  "nummus_price_usd": 0.136626,
  "total_tbtc_balance": 0.15409050,
  "total_usd_value": 17783.90,
  "wallet_1": {
    "tbtc_balance": 0.00467644,
    "tbtc_usd_value": 539.72
  },
  "wallet_2": {
    "tbtc_balance": 0.14941406,
    "tbtc_usd_value": 17244.18
  },
  "timestamp": "2025-07-25T08:30:22Z"
}
