{
  "tbtc_price_usd": 109063,
  "nummus_price_usd": 0.100351,
  "total_tbtc_balance": 0.09020817,
  "total_usd_value": 9838.37,
  "wallet_1": {
    "tbtc_balance": 0.00943198,
    "tbtc_usd_value": 1028.68
  },
  "wallet_2": {
    "tbtc_balance": 0.08077619,
    "tbtc_usd_value": 8809.69
  },
  "timestamp": "2025-07-09T17:20:41Z"
}
