{
  "tbtc_price_usd": 115746,
  "nummus_price_usd": 0.088437,
  "total_tbtc_balance": 0.09622738,
  "total_usd_value": 11137.94,
  "wallet_1": {
    "tbtc_balance": 0.00089407,
    "tbtc_usd_value": 103.49
  },
  "wallet_2": {
    "tbtc_balance": 0.09533331,
    "tbtc_usd_value": 11034.45
  },
  "timestamp": "2025-07-10T23:20:38Z"
}
