{
  "tbtc_price_usd": 108694,
  "nummus_price_usd": 0.127272,
  "total_tbtc_balance": 0.06882436,
  "total_usd_value": 7480.79,
  "wallet_1": {
    "tbtc_balance": 0.00853011,
    "tbtc_usd_value": 927.17
  },
  "wallet_2": {
    "tbtc_balance": 0.06029425,
    "tbtc_usd_value": 6553.62
  },
  "timestamp": "2025-07-03T11:18:39Z"
}
