{
  "tbtc_price_usd": 117763,
  "nummus_price_usd": 0.057224,
  "total_tbtc_balance": 0.10474311,
  "total_usd_value": 12334.86,
  "wallet_1": {
    "tbtc_balance": 0.00315531,
    "tbtc_usd_value": 371.58
  },
  "wallet_2": {
    "tbtc_balance": 0.10158780,
    "tbtc_usd_value": 11963.28
  },
  "timestamp": "2025-07-13T08:26:18Z"
}
