{
  "tbtc_price_usd": 108815,
  "nummus_price_usd": 0.094002,
  "total_tbtc_balance": 0.07810339,
  "total_usd_value": 8498.82,
  "wallet_1": {
    "tbtc_balance": 0.00765719,
    "tbtc_usd_value": 833.22
  },
  "wallet_2": {
    "tbtc_balance": 0.07044620,
    "tbtc_usd_value": 7665.60
  },
  "timestamp": "2025-07-06T20:22:15Z"
}
