{
  "tbtc_price_usd": 107255,
  "total_tbtc_balance": 0.06206801,
  "total_usd_value": 6657.10,
  "wallet_1": {
    "tbtc_balance": 0.00177376,
    "tbtc_usd_value": 190.24
  },
  "wallet_2": {
    "tbtc_balance": 0.06029425,
    "tbtc_usd_value": 6466.86
  },
  "timestamp": "2025-06-30T19:35:41Z"
}
