{
  "tbtc_price_usd": 109021,
  "nummus_price_usd": 0.120187,
  "total_tbtc_balance": 0.07207982,
  "total_usd_value": 7858.22,
  "wallet_1": {
    "tbtc_balance": 0.00163362,
    "tbtc_usd_value": 178.10
  },
  "wallet_2": {
    "tbtc_balance": 0.07044620,
    "tbtc_usd_value": 7680.12
  },
  "timestamp": "2025-07-04T05:23:30Z"
}
