{
  "tbtc_price_usd": 117956,
  "nummus_price_usd": 0.12784,
  "total_tbtc_balance": 0.15238770,
  "total_usd_value": 17975.04,
  "wallet_1": {
    "tbtc_balance": 0.00297364,
    "tbtc_usd_value": 350.76
  },
  "wallet_2": {
    "tbtc_balance": 0.14941406,
    "tbtc_usd_value": 17624.28
  },
  "timestamp": "2025-07-24T14:23:48Z"
}
