{
  "tbtc_price_usd": 117950,
  "nummus_price_usd": 0.061231,
  "total_tbtc_balance": 0.10534530,
  "total_usd_value": 12425.48,
  "wallet_1": {
    "tbtc_balance": 0.00375750,
    "tbtc_usd_value": 443.20
  },
  "wallet_2": {
    "tbtc_balance": 0.10158780,
    "tbtc_usd_value": 11982.28
  },
  "timestamp": "2025-07-13T12:40:47Z"
}
