{
  "tbtc_price_usd": 108950,
  "nummus_price_usd": 0.099051,
  "total_tbtc_balance": 0.08598171,
  "total_usd_value": 9367.71,
  "wallet_1": {
    "tbtc_balance": 0.00520552,
    "tbtc_usd_value": 567.14
  },
  "wallet_2": {
    "tbtc_balance": 0.08077619,
    "tbtc_usd_value": 8800.57
  },
  "timestamp": "2025-07-08T18:31:05Z"
}
