{
  "tbtc_price_usd": 117053,
  "nummus_price_usd": 0.070896,
  "total_tbtc_balance": 0.10015384,
  "total_usd_value": 11723.31,
  "wallet_1": {
    "tbtc_balance": 0.00482053,
    "tbtc_usd_value": 564.26
  },
  "wallet_2": {
    "tbtc_balance": 0.09533331,
    "tbtc_usd_value": 11159.05
  },
  "timestamp": "2025-07-11T22:20:54Z"
}
