{
  "tbtc_price_usd": 108939,
  "nummus_price_usd": 0.099549,
  "total_tbtc_balance": 0.08598171,
  "total_usd_value": 9366.76,
  "wallet_1": {
    "tbtc_balance": 0.00520552,
    "tbtc_usd_value": 567.08
  },
  "wallet_2": {
    "tbtc_balance": 0.08077619,
    "tbtc_usd_value": 8799.68
  },
  "timestamp": "2025-07-08T19:17:07Z"
}
