{
  "tbtc_price_usd": 117577,
  "nummus_price_usd": 0.10831,
  "total_tbtc_balance": 0.13344788,
  "total_usd_value": 15690.41,
  "wallet_1": {
    "tbtc_balance": 0.00736288,
    "tbtc_usd_value": 865.71
  },
  "wallet_2": {
    "tbtc_balance": 0.12608500,
    "tbtc_usd_value": 14824.70
  },
  "timestamp": "2025-07-19T22:20:20Z"
}
