{
  "tbtc_price_usd": 117681,
  "nummus_price_usd": 0.073413,
  "total_tbtc_balance": 0.10158780,
  "total_usd_value": 11954.95,
  "wallet_1": {
    "tbtc_balance": 0.00625449,
    "tbtc_usd_value": 736.03
  },
  "wallet_2": {
    "tbtc_balance": 0.09533331,
    "tbtc_usd_value": 11218.92
  },
  "timestamp": "2025-07-12T08:26:21Z"
}
