{
  "tbtc_price_usd": 109173,
  "nummus_price_usd": 0.125336,
  "total_tbtc_balance": 0.06708625,
  "total_usd_value": 7324.00,
  "wallet_1": {
    "tbtc_balance": 0.00679200,
    "tbtc_usd_value": 741.50
  },
  "wallet_2": {
    "tbtc_balance": 0.06029425,
    "tbtc_usd_value": 6582.50
  },
  "timestamp": "2025-07-02T16:27:03Z"
}
