{
  "tbtc_price_usd": 118139,
  "nummus_price_usd": 0.108508,
  "total_tbtc_balance": 0.13027805,
  "total_usd_value": 15390.92,
  "wallet_1": {
    "tbtc_balance": 0.00419305,
    "tbtc_usd_value": 495.36
  },
  "wallet_2": {
    "tbtc_balance": 0.12608500,
    "tbtc_usd_value": 14895.56
  },
  "timestamp": "2025-07-19T03:23:38Z"
}
