{
  "tbtc_price_usd": 117368,
  "nummus_price_usd": 0.10629,
  "total_tbtc_balance": 0.15917135,
  "total_usd_value": 18681.62,
  "wallet_1": {
    "tbtc_balance": 0.00975729,
    "tbtc_usd_value": 1145.19
  },
  "wallet_2": {
    "tbtc_balance": 0.14941406,
    "tbtc_usd_value": 17536.43
  },
  "timestamp": "2025-07-26T08:27:33Z"
}
