{
  "tbtc_price_usd": 116739,
  "nummus_price_usd": 0.078616,
  "total_tbtc_balance": 0.11192239,
  "total_usd_value": 13065.71,
  "wallet_1": {
    "tbtc_balance": 0.01033459,
    "tbtc_usd_value": 1206.45
  },
  "wallet_2": {
    "tbtc_balance": 0.10158780,
    "tbtc_usd_value": 11859.26
  },
  "timestamp": "2025-07-15T09:30:30Z"
}
