{
  "tbtc_price_usd": 118290,
  "nummus_price_usd": 0.087899,
  "total_tbtc_balance": 0.14181513,
  "total_usd_value": 16775.31,
  "wallet_1": {
    "tbtc_balance": 0.00516775,
    "tbtc_usd_value": 611.29
  },
  "wallet_2": {
    "tbtc_balance": 0.13664738,
    "tbtc_usd_value": 16164.02
  },
  "timestamp": "2025-07-21T14:23:46Z"
}
