{
  "tbtc_price_usd": 118703,
  "nummus_price_usd": 0.06626,
  "total_tbtc_balance": 0.10599389,
  "total_usd_value": 12581.80,
  "wallet_1": {
    "tbtc_balance": 0.00440609,
    "tbtc_usd_value": 523.02
  },
  "wallet_2": {
    "tbtc_balance": 0.10158780,
    "tbtc_usd_value": 12058.78
  },
  "timestamp": "2025-07-13T19:16:46Z"
}
