{
  "tbtc_price_usd": 109261,
  "nummus_price_usd": 0.120689,
  "total_tbtc_balance": 0.07153927,
  "total_usd_value": 7816.45,
  "wallet_1": {
    "tbtc_balance": 0.00109307,
    "tbtc_usd_value": 119.43
  },
  "wallet_2": {
    "tbtc_balance": 0.07044620,
    "tbtc_usd_value": 7697.02
  },
  "timestamp": "2025-07-04T01:46:51Z"
}
