{
  "tbtc_price_usd": 115222,
  "nummus_price_usd": 0.140883,
  "total_tbtc_balance": 0.15590543,
  "total_usd_value": 17963.74,
  "wallet_1": {
    "tbtc_balance": 0.00649137,
    "tbtc_usd_value": 747.95
  },
  "wallet_2": {
    "tbtc_balance": 0.14941406,
    "tbtc_usd_value": 17215.79
  },
  "timestamp": "2025-07-25T14:21:36Z"
}
