{
  "tbtc_price_usd": 118015,
  "nummus_price_usd": 0.108728,
  "total_tbtc_balance": 0.13027805,
  "total_usd_value": 15374.76,
  "wallet_1": {
    "tbtc_balance": 0.00419305,
    "tbtc_usd_value": 494.84
  },
  "wallet_2": {
    "tbtc_balance": 0.12608500,
    "tbtc_usd_value": 14879.92
  },
  "timestamp": "2025-07-19T04:32:38Z"
}
