{
  "tbtc_price_usd": 111069,
  "nummus_price_usd": 0.098458,
  "total_tbtc_balance": 0.09434770,
  "total_usd_value": 10479.10,
  "wallet_1": {
    "tbtc_balance": 0.01357151,
    "tbtc_usd_value": 1507.37
  },
  "wallet_2": {
    "tbtc_balance": 0.08077619,
    "tbtc_usd_value": 8971.73
  },
  "timestamp": "2025-07-10T09:25:24Z"
}
