{
  "tbtc_price_usd": 118600,
  "nummus_price_usd": 0.108956,
  "total_tbtc_balance": 0.14941406,
  "total_usd_value": 17720.51,
  "wallet_1": {
    "tbtc_balance": 0.01276668,
    "tbtc_usd_value": 1514.13
  },
  "wallet_2": {
    "tbtc_balance": 0.13664738,
    "tbtc_usd_value": 16206.38
  },
  "timestamp": "2025-07-23T08:32:52Z"
}
