{
  "tbtc_price_usd": 107994,
  "nummus_price_usd": 0.095088,
  "total_tbtc_balance": 0.07641149,
  "total_usd_value": 8251.99,
  "wallet_1": {
    "tbtc_balance": 0.00596529,
    "tbtc_usd_value": 644.22
  },
  "wallet_2": {
    "tbtc_balance": 0.07044620,
    "tbtc_usd_value": 7607.77
  },
  "timestamp": "2025-07-06T01:54:56Z"
}
