{
  "tbtc_price_usd": 118005,
  "nummus_price_usd": 0.083254,
  "total_tbtc_balance": 0.09877926,
  "total_usd_value": 11656.45,
  "wallet_1": {
    "tbtc_balance": 0.00344595,
    "tbtc_usd_value": 406.64
  },
  "wallet_2": {
    "tbtc_balance": 0.09533331,
    "tbtc_usd_value": 11249.81
  },
  "timestamp": "2025-07-11T10:23:16Z"
}
