{
  "tbtc_price_usd": 108424,
  "nummus_price_usd": 0.098613,
  "total_tbtc_balance": 0.08810060,
  "total_usd_value": 9552.22,
  "wallet_1": {
    "tbtc_balance": 0.00732441,
    "tbtc_usd_value": 794.14
  },
  "wallet_2": {
    "tbtc_balance": 0.08077619,
    "tbtc_usd_value": 8758.08
  },
  "timestamp": "2025-07-09T05:25:38Z"
}
