{
  "tbtc_price_usd": 118021,
  "nummus_price_usd": 0.107772,
  "total_tbtc_balance": 0.14986620,
  "total_usd_value": 17687.36,
  "wallet_1": {
    "tbtc_balance": 0.00045214,
    "tbtc_usd_value": 53.36
  },
  "wallet_2": {
    "tbtc_balance": 0.14941406,
    "tbtc_usd_value": 17634.00
  },
  "timestamp": "2025-07-23T12:48:52Z"
}
