{
  "tbtc_price_usd": 117685,
  "nummus_price_usd": 0.081849,
  "total_tbtc_balance": 0.09796888,
  "total_usd_value": 11529.47,
  "wallet_1": {
    "tbtc_balance": 0.00263557,
    "tbtc_usd_value": 310.17
  },
  "wallet_2": {
    "tbtc_balance": 0.09533331,
    "tbtc_usd_value": 11219.30
  },
  "timestamp": "2025-07-11T08:29:20Z"
}
