{
  "tbtc_price_usd": 108489,
  "nummus_price_usd": 0.087741,
  "total_tbtc_balance": 0.07892422,
  "total_usd_value": 8562.41,
  "wallet_1": {
    "tbtc_balance": 0.00847802,
    "tbtc_usd_value": 919.77
  },
  "wallet_2": {
    "tbtc_balance": 0.07044620,
    "tbtc_usd_value": 7642.64
  },
  "timestamp": "2025-07-07T10:24:32Z"
}
