{
  "tbtc_price_usd": 108998,
  "nummus_price_usd": 0.099237,
  "total_tbtc_balance": 0.08915844,
  "total_usd_value": 9718.09,
  "wallet_1": {
    "tbtc_balance": 0.00838225,
    "tbtc_usd_value": 913.65
  },
  "wallet_2": {
    "tbtc_balance": 0.08077619,
    "tbtc_usd_value": 8804.44
  },
  "timestamp": "2025-07-09T11:19:03Z"
}
