{
  "tbtc_price_usd": 118043,
  "nummus_price_usd": 0.113896,
  "total_tbtc_balance": 0.12188441,
  "total_usd_value": 14387.60,
  "wallet_1": {
    "tbtc_balance": 0.00919248,
    "tbtc_usd_value": 1085.11
  },
  "wallet_2": {
    "tbtc_balance": 0.11269193,
    "tbtc_usd_value": 13302.49
  },
  "timestamp": "2025-07-17T12:46:27Z"
}
