{
  "tbtc_price_usd": 116317,
  "nummus_price_usd": 0.087147,
  "total_tbtc_balance": 0.09710427,
  "total_usd_value": 11294.87,
  "wallet_1": {
    "tbtc_balance": 0.00177096,
    "tbtc_usd_value": 205.99
  },
  "wallet_2": {
    "tbtc_balance": 0.09533331,
    "tbtc_usd_value": 11088.88
  },
  "timestamp": "2025-07-11T04:38:01Z"
}
