{
  "tbtc_price_usd": 108258,
  "nummus_price_usd": 0.103339,
  "total_tbtc_balance": 0.08388380,
  "total_usd_value": 9081.09,
  "wallet_1": {
    "tbtc_balance": 0.00310761,
    "tbtc_usd_value": 336.42
  },
  "wallet_2": {
    "tbtc_balance": 0.08077619,
    "tbtc_usd_value": 8744.67
  },
  "timestamp": "2025-07-08T09:24:29Z"
}
