{
  "tbtc_price_usd": 120060,
  "nummus_price_usd": 0.112887,
  "total_tbtc_balance": 0.12402469,
  "total_usd_value": 14890.40,
  "wallet_1": {
    "tbtc_balance": 0.01133276,
    "tbtc_usd_value": 1360.61
  },
  "wallet_2": {
    "tbtc_balance": 0.11269193,
    "tbtc_usd_value": 13529.79
  },
  "timestamp": "2025-07-17T21:20:54Z"
}
