{
  "tbtc_price_usd": 108751,
  "nummus_price_usd": 0.128764,
  "total_tbtc_balance": 0.06824391,
  "total_usd_value": 7421.59,
  "wallet_1": {
    "tbtc_balance": 0.00794966,
    "tbtc_usd_value": 864.53
  },
  "wallet_2": {
    "tbtc_balance": 0.06029425,
    "tbtc_usd_value": 6557.06
  },
  "timestamp": "2025-07-03T04:33:15Z"
}
