{
  "tbtc_price_usd": 122042,
  "nummus_price_usd": 0.078154,
  "total_tbtc_balance": 0.10730367,
  "total_usd_value": 13095.56,
  "wallet_1": {
    "tbtc_balance": 0.00571587,
    "tbtc_usd_value": 697.58
  },
  "wallet_2": {
    "tbtc_balance": 0.10158780,
    "tbtc_usd_value": 12397.98
  },
  "timestamp": "2025-07-14T07:25:28Z"
}
