{
  "tbtc_price_usd": 118930,
  "nummus_price_usd": 0.10466,
  "total_tbtc_balance": 0.14079270,
  "total_usd_value": 16744.47,
  "wallet_1": {
    "tbtc_balance": 0.00414532,
    "tbtc_usd_value": 493.00
  },
  "wallet_2": {
    "tbtc_balance": 0.13664738,
    "tbtc_usd_value": 16251.47
  },
  "timestamp": "2025-07-21T09:30:26Z"
}
