{
  "tbtc_price_usd": 118122,
  "nummus_price_usd": 0.10805,
  "total_tbtc_balance": 0.13238970,
  "total_usd_value": 15638.13,
  "wallet_1": {
    "tbtc_balance": 0.00630470,
    "tbtc_usd_value": 744.72
  },
  "wallet_2": {
    "tbtc_balance": 0.12608500,
    "tbtc_usd_value": 14893.41
  },
  "timestamp": "2025-07-19T13:31:02Z"
}
