{
  "tbtc_price_usd": 116141,
  "nummus_price_usd": 0.146326,
  "total_tbtc_balance": 0.15527903,
  "total_usd_value": 18034.26,
  "wallet_1": {
    "tbtc_balance": 0.00586497,
    "tbtc_usd_value": 681.16
  },
  "wallet_2": {
    "tbtc_balance": 0.14941406,
    "tbtc_usd_value": 17353.10
  },
  "timestamp": "2025-07-25T10:26:51Z"
}
