{
  "tbtc_price_usd": 117444,
  "nummus_price_usd": 0.108484,
  "total_tbtc_balance": 0.12815420,
  "total_usd_value": 15050.95,
  "wallet_1": {
    "tbtc_balance": 0.00206920,
    "tbtc_usd_value": 243.02
  },
  "wallet_2": {
    "tbtc_balance": 0.12608500,
    "tbtc_usd_value": 14807.93
  },
  "timestamp": "2025-07-18T18:31:28Z"
}
