{
  "tbtc_price_usd": 117606,
  "nummus_price_usd": 0.063557,
  "total_tbtc_balance": 0.10414479,
  "total_usd_value": 12248.05,
  "wallet_1": {
    "tbtc_balance": 0.00255699,
    "tbtc_usd_value": 300.72
  },
  "wallet_2": {
    "tbtc_balance": 0.10158780,
    "tbtc_usd_value": 11947.33
  },
  "timestamp": "2025-07-13T06:30:50Z"
}
