{
  "tbtc_price_usd": 118095,
  "nummus_price_usd": 0.108432,
  "total_tbtc_balance": 0.13027805,
  "total_usd_value": 15385.19,
  "wallet_1": {
    "tbtc_balance": 0.00419305,
    "tbtc_usd_value": 495.18
  },
  "wallet_2": {
    "tbtc_balance": 0.12608500,
    "tbtc_usd_value": 14890.01
  },
  "timestamp": "2025-07-19T07:20:11Z"
}
