{
  "tbtc_price_usd": 117574,
  "nummus_price_usd": 0.093109,
  "total_tbtc_balance": 0.14264304,
  "total_usd_value": 16771.11,
  "wallet_1": {
    "tbtc_balance": 0.00599566,
    "tbtc_usd_value": 704.93
  },
  "wallet_2": {
    "tbtc_balance": 0.13664738,
    "tbtc_usd_value": 16066.18
  },
  "timestamp": "2025-07-21T18:34:14Z"
}
