{
  "tbtc_price_usd": 108016,
  "nummus_price_usd": 0.102556,
  "total_tbtc_balance": 0.07510853,
  "total_usd_value": 8112.93,
  "wallet_1": {
    "tbtc_balance": 0.00466233,
    "tbtc_usd_value": 503.61
  },
  "wallet_2": {
    "tbtc_balance": 0.07044620,
    "tbtc_usd_value": 7609.32
  },
  "timestamp": "2025-07-05T10:20:21Z"
}
