{
  "tbtc_price_usd": 116845,
  "nummus_price_usd": 0.096551,
  "total_tbtc_balance": 0.14355720,
  "total_usd_value": 16773.94,
  "wallet_1": {
    "tbtc_balance": 0.00690982,
    "tbtc_usd_value": 807.38
  },
  "wallet_2": {
    "tbtc_balance": 0.13664738,
    "tbtc_usd_value": 15966.56
  },
  "timestamp": "2025-07-21T23:21:54Z"
}
