{
  "tbtc_price_usd": 117585,
  "nummus_price_usd": 0.108758,
  "total_tbtc_balance": 0.13344788,
  "total_usd_value": 15691.46,
  "wallet_1": {
    "tbtc_balance": 0.00736288,
    "tbtc_usd_value": 865.76
  },
  "wallet_2": {
    "tbtc_balance": 0.12608500,
    "tbtc_usd_value": 14825.70
  },
  "timestamp": "2025-07-19T19:16:33Z"
}
