{
  "tbtc_price_usd": 117104,
  "nummus_price_usd": 0.063861,
  "total_tbtc_balance": 0.10289599,
  "total_usd_value": 12049.53,
  "wallet_1": {
    "tbtc_balance": 0.00130819,
    "tbtc_usd_value": 153.19
  },
  "wallet_2": {
    "tbtc_balance": 0.10158780,
    "tbtc_usd_value": 11896.34
  },
  "timestamp": "2025-07-12T20:22:11Z"
}
