{
  "tbtc_price_usd": 107705,
  "nummus_price_usd": 0.116447,
  "total_tbtc_balance": 0.07315067,
  "total_usd_value": 7878.69,
  "wallet_1": {
    "tbtc_balance": 0.00270447,
    "tbtc_usd_value": 291.28
  },
  "wallet_2": {
    "tbtc_balance": 0.07044620,
    "tbtc_usd_value": 7587.41
  },
  "timestamp": "2025-07-04T14:20:13Z"
}
