{
  "tbtc_price_usd": 117070,
  "nummus_price_usd": 0.087203,
  "total_tbtc_balance": 0.09796888,
  "total_usd_value": 11469.22,
  "wallet_1": {
    "tbtc_balance": 0.00263557,
    "tbtc_usd_value": 308.55
  },
  "wallet_2": {
    "tbtc_balance": 0.09533331,
    "tbtc_usd_value": 11160.67
  },
  "timestamp": "2025-07-11T05:24:28Z"
}
