{
  "tbtc_price_usd": 119223,
  "nummus_price_usd": 0.105454,
  "total_tbtc_balance": 0.11762113,
  "total_usd_value": 14023.14,
  "wallet_1": {
    "tbtc_balance": 0.00492920,
    "tbtc_usd_value": 587.67
  },
  "wallet_2": {
    "tbtc_balance": 0.11269193,
    "tbtc_usd_value": 13435.47
  },
  "timestamp": "2025-07-16T19:18:30Z"
}
