{
  "tbtc_price_usd": 117644,
  "nummus_price_usd": 0.072933,
  "total_tbtc_balance": 0.10158780,
  "total_usd_value": 11951.19,
  "wallet_1": {
    "tbtc_balance": 0.00625449,
    "tbtc_usd_value": 735.80
  },
  "wallet_2": {
    "tbtc_balance": 0.09533331,
    "tbtc_usd_value": 11215.39
  },
  "timestamp": "2025-07-12T07:20:15Z"
}
