{
  "tbtc_price_usd": 118071,
  "nummus_price_usd": 0.108446,
  "total_tbtc_balance": 0.13558317,
  "total_usd_value": 16008.44,
  "wallet_1": {
    "tbtc_balance": 0.00949817,
    "tbtc_usd_value": 1121.46
  },
  "wallet_2": {
    "tbtc_balance": 0.12608500,
    "tbtc_usd_value": 14886.98
  },
  "timestamp": "2025-07-20T08:27:25Z"
}
