{
  "tbtc_price_usd": 117003,
  "nummus_price_usd": 0.10341,
  "total_tbtc_balance": 0.13976383,
  "total_usd_value": 16352.78,
  "wallet_1": {
    "tbtc_balance": 0.00311645,
    "tbtc_usd_value": 364.63
  },
  "wallet_2": {
    "tbtc_balance": 0.13664738,
    "tbtc_usd_value": 15988.15
  },
  "timestamp": "2025-07-21T01:58:38Z"
}
