{
  "tbtc_price_usd": 107583,
  "total_tbtc_balance": 0.06206801,
  "total_usd_value": 6677.47,
  "wallet_1": {
    "tbtc_balance": 0.00177376,
    "tbtc_usd_value": 190.83
  },
  "wallet_2": {
    "tbtc_balance": 0.06029425,
    "tbtc_usd_value": 6486.64
  },
  "timestamp": "2025-06-30T20:20:00Z"
}
