{
  "tbtc_price_usd": 118064,
  "nummus_price_usd": 0.103647,
  "total_tbtc_balance": 0.14645745,
  "total_usd_value": 17291.36,
  "wallet_1": {
    "tbtc_balance": 0.00981007,
    "tbtc_usd_value": 1158.22
  },
  "wallet_2": {
    "tbtc_balance": 0.13664738,
    "tbtc_usd_value": 16133.14
  },
  "timestamp": "2025-07-22T14:22:56Z"
}
