{
  "tbtc_price_usd": 117296,
  "nummus_price_usd": 0.066126,
  "total_tbtc_balance": 0.09945715,
  "total_usd_value": 11665.93,
  "wallet_1": {
    "tbtc_balance": 0.00412384,
    "tbtc_usd_value": 483.71
  },
  "wallet_2": {
    "tbtc_balance": 0.09533331,
    "tbtc_usd_value": 11182.22
  },
  "timestamp": "2025-07-11T17:20:02Z"
}
