{
  "tbtc_price_usd": 117534,
  "nummus_price_usd": 0.122797,
  "total_tbtc_balance": 0.15133888,
  "total_usd_value": 17787.46,
  "wallet_1": {
    "tbtc_balance": 0.00192482,
    "tbtc_usd_value": 226.23
  },
  "wallet_2": {
    "tbtc_balance": 0.14941406,
    "tbtc_usd_value": 17561.23
  },
  "timestamp": "2025-07-24T05:28:15Z"
}
