{
  "tbtc_price_usd": 117449,
  "nummus_price_usd": 0.072608,
  "total_tbtc_balance": 0.10087492,
  "total_usd_value": 11847.66,
  "wallet_1": {
    "tbtc_balance": 0.00554161,
    "tbtc_usd_value": 650.86
  },
  "wallet_2": {
    "tbtc_balance": 0.09533331,
    "tbtc_usd_value": 11196.80
  },
  "timestamp": "2025-07-12T05:21:21Z"
}
