{
  "tbtc_price_usd": 106536,
  "nummus_price_usd": 0.121492,
  "total_tbtc_balance": 0.06321437,
  "total_usd_value": 6734.61,
  "wallet_1": {
    "tbtc_balance": 0.00292012,
    "tbtc_usd_value": 311.10
  },
  "wallet_2": {
    "tbtc_balance": 0.06029425,
    "tbtc_usd_value": 6423.51
  },
  "timestamp": "2025-07-01T07:22:28Z"
}
