{
  "tbtc_price_usd": 108869,
  "nummus_price_usd": 0.12908,
  "total_tbtc_balance": 0.06766675,
  "total_usd_value": 7366.81,
  "wallet_1": {
    "tbtc_balance": 0.00737250,
    "tbtc_usd_value": 802.64
  },
  "wallet_2": {
    "tbtc_balance": 0.06029425,
    "tbtc_usd_value": 6564.17
  },
  "timestamp": "2025-07-02T21:20:07Z"
}
