{
  "tbtc_price_usd": 117469,
  "nummus_price_usd": 0.110525,
  "total_tbtc_balance": 0.12188441,
  "total_usd_value": 14317.64,
  "wallet_1": {
    "tbtc_balance": 0.00919248,
    "tbtc_usd_value": 1079.83
  },
  "wallet_2": {
    "tbtc_balance": 0.11269193,
    "tbtc_usd_value": 13237.81
  },
  "timestamp": "2025-07-17T13:38:08Z"
}
