{
  "tbtc_price_usd": 116632,
  "nummus_price_usd": 0.077272,
  "total_tbtc_balance": 0.11192239,
  "total_usd_value": 13053.73,
  "wallet_1": {
    "tbtc_balance": 0.01033459,
    "tbtc_usd_value": 1205.34
  },
  "wallet_2": {
    "tbtc_balance": 0.10158780,
    "tbtc_usd_value": 11848.39
  },
  "timestamp": "2025-07-15T11:19:34Z"
}
