{
  "tbtc_price_usd": 117892,
  "nummus_price_usd": 0.108672,
  "total_tbtc_balance": 0.15032442,
  "total_usd_value": 17722.04,
  "wallet_1": {
    "tbtc_balance": 0.00091036,
    "tbtc_usd_value": 107.32
  },
  "wallet_2": {
    "tbtc_balance": 0.14941406,
    "tbtc_usd_value": 17614.72
  },
  "timestamp": "2025-07-23T18:33:32Z"
}
