{
  "tbtc_price_usd": 118901,
  "nummus_price_usd": 0.103248,
  "total_tbtc_balance": 0.14645745,
  "total_usd_value": 17413.94,
  "wallet_1": {
    "tbtc_balance": 0.00981007,
    "tbtc_usd_value": 1166.43
  },
  "wallet_2": {
    "tbtc_balance": 0.13664738,
    "tbtc_usd_value": 16247.51
  },
  "timestamp": "2025-07-22T13:39:27Z"
}
