{
  "tbtc_price_usd": 117861,
  "nummus_price_usd": 0.108531,
  "total_tbtc_balance": 0.13238970,
  "total_usd_value": 15603.58,
  "wallet_1": {
    "tbtc_balance": 0.00630470,
    "tbtc_usd_value": 743.08
  },
  "wallet_2": {
    "tbtc_balance": 0.12608500,
    "tbtc_usd_value": 14860.50
  },
  "timestamp": "2025-07-19T17:19:27Z"
}
