{
  "tbtc_price_usd": 117677,
  "nummus_price_usd": 0.108726,
  "total_tbtc_balance": 0.13451784,
  "total_usd_value": 15829.65,
  "wallet_1": {
    "tbtc_balance": 0.00843284,
    "tbtc_usd_value": 992.35
  },
  "wallet_2": {
    "tbtc_balance": 0.12608500,
    "tbtc_usd_value": 14837.30
  },
  "timestamp": "2025-07-20T02:01:27Z"
}
