{
  "tbtc_price_usd": 119212,
  "nummus_price_usd": 0.108881,
  "total_tbtc_balance": 0.14895649,
  "total_usd_value": 17757.40,
  "wallet_1": {
    "tbtc_balance": 0.01230911,
    "tbtc_usd_value": 1467.39
  },
  "wallet_2": {
    "tbtc_balance": 0.13664738,
    "tbtc_usd_value": 16290.01
  },
  "timestamp": "2025-07-23T03:42:23Z"
}
