{
  "tbtc_price_usd": 108789,
  "nummus_price_usd": 0.099082,
  "total_tbtc_balance": 0.08598171,
  "total_usd_value": 9353.86,
  "wallet_1": {
    "tbtc_balance": 0.00520552,
    "tbtc_usd_value": 566.30
  },
  "wallet_2": {
    "tbtc_balance": 0.08077619,
    "tbtc_usd_value": 8787.56
  },
  "timestamp": "2025-07-08T17:19:35Z"
}
