{
  "tbtc_price_usd": 118984,
  "nummus_price_usd": 0.105632,
  "total_tbtc_balance": 0.14079270,
  "total_usd_value": 16752.08,
  "wallet_1": {
    "tbtc_balance": 0.00414532,
    "tbtc_usd_value": 493.23
  },
  "wallet_2": {
    "tbtc_balance": 0.13664738,
    "tbtc_usd_value": 16258.85
  },
  "timestamp": "2025-07-21T06:34:29Z"
}
