{
  "tbtc_price_usd": 106562,
  "nummus_price_usd": 0.124006,
  "total_tbtc_balance": 0.06321437,
  "total_usd_value": 6736.25,
  "wallet_1": {
    "tbtc_balance": 0.00292012,
    "tbtc_usd_value": 311.17
  },
  "wallet_2": {
    "tbtc_balance": 0.06029425,
    "tbtc_usd_value": 6425.08
  },
  "timestamp": "2025-07-01T05:24:17Z"
}
