{
  "tbtc_price_usd": 108623,
  "nummus_price_usd": 0.100375,
  "total_tbtc_balance": 0.08915844,
  "total_usd_value": 9684.66,
  "wallet_1": {
    "tbtc_balance": 0.00838225,
    "tbtc_usd_value": 910.51
  },
  "wallet_2": {
    "tbtc_balance": 0.08077619,
    "tbtc_usd_value": 8774.15
  },
  "timestamp": "2025-07-09T08:29:30Z"
}
