{
  "tbtc_price_usd": 107326,
  "nummus_price_usd": 0.121993,
  "total_tbtc_balance": 0.06652305,
  "total_usd_value": 7139.65,
  "wallet_1": {
    "tbtc_balance": 0.00622880,
    "tbtc_usd_value": 668.51
  },
  "wallet_2": {
    "tbtc_balance": 0.06029425,
    "tbtc_usd_value": 6471.14
  },
  "timestamp": "2025-07-02T13:33:27Z"
}
