{
  "tbtc_price_usd": 118099,
  "nummus_price_usd": 0.107716,
  "total_tbtc_balance": 0.11972229,
  "total_usd_value": 14139.08,
  "wallet_1": {
    "tbtc_balance": 0.00703036,
    "tbtc_usd_value": 830.28
  },
  "wallet_2": {
    "tbtc_balance": 0.11269193,
    "tbtc_usd_value": 13308.80
  },
  "timestamp": "2025-07-17T04:38:47Z"
}
