{
  "tbtc_price_usd": 109004,
  "nummus_price_usd": 0.098833,
  "total_tbtc_balance": 0.08704418,
  "total_usd_value": 9488.17,
  "wallet_1": {
    "tbtc_balance": 0.00626799,
    "tbtc_usd_value": 683.24
  },
  "wallet_2": {
    "tbtc_balance": 0.08077619,
    "tbtc_usd_value": 8804.93
  },
  "timestamp": "2025-07-08T23:21:08Z"
}
