{
  "tbtc_price_usd": 115781,
  "nummus_price_usd": 0.08741,
  "total_tbtc_balance": 0.09710427,
  "total_usd_value": 11242.83,
  "wallet_1": {
    "tbtc_balance": 0.00177096,
    "tbtc_usd_value": 205.04
  },
  "wallet_2": {
    "tbtc_balance": 0.09533331,
    "tbtc_usd_value": 11037.79
  },
  "timestamp": "2025-07-11T01:50:46Z"
}
