{
  "tbtc_price_usd": 108737,
  "nummus_price_usd": 0.098466,
  "total_tbtc_balance": 0.08915844,
  "total_usd_value": 9694.82,
  "wallet_1": {
    "tbtc_balance": 0.00838225,
    "tbtc_usd_value": 911.46
  },
  "wallet_2": {
    "tbtc_balance": 0.08077619,
    "tbtc_usd_value": 8783.36
  },
  "timestamp": "2025-07-09T10:24:18Z"
}
