{
  "tbtc_price_usd": 117943,
  "nummus_price_usd": 0.110117,
  "total_tbtc_balance": 0.12188441,
  "total_usd_value": 14375.41,
  "wallet_1": {
    "tbtc_balance": 0.00919248,
    "tbtc_usd_value": 1084.19
  },
  "wallet_2": {
    "tbtc_balance": 0.11269193,
    "tbtc_usd_value": 13291.22
  },
  "timestamp": "2025-07-17T14:20:42Z"
}
