{
  "tbtc_price_usd": 118047,
  "nummus_price_usd": 0.108233,
  "total_tbtc_balance": 0.13027805,
  "total_usd_value": 15378.94,
  "wallet_1": {
    "tbtc_balance": 0.00419305,
    "tbtc_usd_value": 494.98
  },
  "wallet_2": {
    "tbtc_balance": 0.12608500,
    "tbtc_usd_value": 14883.96
  },
  "timestamp": "2025-07-19T06:30:59Z"
}
