{
  "tbtc_price_usd": 108984,
  "nummus_price_usd": 0.099918,
  "total_tbtc_balance": 0.09020817,
  "total_usd_value": 9831.24,
  "wallet_1": {
    "tbtc_balance": 0.00943198,
    "tbtc_usd_value": 1027.93
  },
  "wallet_2": {
    "tbtc_balance": 0.08077619,
    "tbtc_usd_value": 8803.31
  },
  "timestamp": "2025-07-09T14:20:56Z"
}
