{
  "tbtc_price_usd": 116676,
  "nummus_price_usd": 0.141622,
  "total_tbtc_balance": 0.15527903,
  "total_usd_value": 18117.33,
  "wallet_1": {
    "tbtc_balance": 0.00586497,
    "tbtc_usd_value": 684.30
  },
  "wallet_2": {
    "tbtc_balance": 0.14941406,
    "tbtc_usd_value": 17433.03
  },
  "timestamp": "2025-07-25T11:20:23Z"
}
