{
  "tbtc_price_usd": 118660,
  "nummus_price_usd": 0.116225,
  "total_tbtc_balance": 0.11550644,
  "total_usd_value": 13705.99,
  "wallet_1": {
    "tbtc_balance": 0.00281451,
    "tbtc_usd_value": 333.97
  },
  "wallet_2": {
    "tbtc_balance": 0.11269193,
    "tbtc_usd_value": 13372.02
  },
  "timestamp": "2025-07-16T09:27:55Z"
}
