{
  "tbtc_price_usd": 107401,
  "nummus_price_usd": 0.097861,
  "total_tbtc_balance": 0.08282190,
  "total_usd_value": 8895.15,
  "wallet_1": {
    "tbtc_balance": 0.00204571,
    "tbtc_usd_value": 219.71
  },
  "wallet_2": {
    "tbtc_balance": 0.08077619,
    "tbtc_usd_value": 8675.44
  },
  "timestamp": "2025-07-08T03:20:23Z"
}
