{
  "tbtc_price_usd": 119714,
  "nummus_price_usd": 0.109623,
  "total_tbtc_balance": 0.12295280,
  "total_usd_value": 14719.17,
  "wallet_1": {
    "tbtc_balance": 0.01026087,
    "tbtc_usd_value": 1228.37
  },
  "wallet_2": {
    "tbtc_balance": 0.11269193,
    "tbtc_usd_value": 13490.80
  },
  "timestamp": "2025-07-17T19:18:54Z"
}
