{
  "tbtc_price_usd": 108059,
  "nummus_price_usd": 0.08572,
  "total_tbtc_balance": 0.07985040,
  "total_usd_value": 8628.56,
  "wallet_1": {
    "tbtc_balance": 0.00940420,
    "tbtc_usd_value": 1016.21
  },
  "wallet_2": {
    "tbtc_balance": 0.07044620,
    "tbtc_usd_value": 7612.35
  },
  "timestamp": "2025-07-07T14:21:14Z"
}
