{
  "tbtc_price_usd": 118704,
  "nummus_price_usd": 0.101947,
  "total_tbtc_balance": 0.14645745,
  "total_usd_value": 17385.08,
  "wallet_1": {
    "tbtc_balance": 0.00981007,
    "tbtc_usd_value": 1164.49
  },
  "wallet_2": {
    "tbtc_balance": 0.13664738,
    "tbtc_usd_value": 16220.59
  },
  "timestamp": "2025-07-22T11:19:28Z"
}
