{
  "tbtc_price_usd": 108714,
  "nummus_price_usd": 0.101441,
  "total_tbtc_balance": 0.08493421,
  "total_usd_value": 9233.53,
  "wallet_1": {
    "tbtc_balance": 0.00415802,
    "tbtc_usd_value": 452.03
  },
  "wallet_2": {
    "tbtc_balance": 0.08077619,
    "tbtc_usd_value": 8781.50
  },
  "timestamp": "2025-07-08T13:34:49Z"
}
