{
  "tbtc_price_usd": 119401,
  "nummus_price_usd": 0.108362,
  "total_tbtc_balance": 0.14850586,
  "total_usd_value": 17731.74,
  "wallet_1": {
    "tbtc_balance": 0.01185848,
    "tbtc_usd_value": 1415.91
  },
  "wallet_2": {
    "tbtc_balance": 0.13664738,
    "tbtc_usd_value": 16315.83
  },
  "timestamp": "2025-07-22T22:21:58Z"
}
