{
  "tbtc_price_usd": 107584,
  "nummus_price_usd": 0.089431,
  "total_tbtc_balance": 0.07725949,
  "total_usd_value": 8311.88,
  "wallet_1": {
    "tbtc_balance": 0.00681329,
    "tbtc_usd_value": 733.00
  },
  "wallet_2": {
    "tbtc_balance": 0.07044620,
    "tbtc_usd_value": 7578.88
  },
  "timestamp": "2025-07-06T10:21:23Z"
}
