{
  "tbtc_price_usd": 109098,
  "nummus_price_usd": 0.091704,
  "total_tbtc_balance": 0.07851952,
  "total_usd_value": 8566.32,
  "wallet_1": {
    "tbtc_balance": 0.00807332,
    "tbtc_usd_value": 880.78
  },
  "wallet_2": {
    "tbtc_balance": 0.07044620,
    "tbtc_usd_value": 7685.54
  },
  "timestamp": "2025-07-07T03:25:58Z"
}
