{
  "tbtc_price_usd": 115493,
  "nummus_price_usd": 0.135191,
  "total_tbtc_balance": 0.15409050,
  "total_usd_value": 17796.38,
  "wallet_1": {
    "tbtc_balance": 0.00467644,
    "tbtc_usd_value": 540.10
  },
  "wallet_2": {
    "tbtc_balance": 0.14941406,
    "tbtc_usd_value": 17256.28
  },
  "timestamp": "2025-07-25T07:24:45Z"
}
