{
  "tbtc_price_usd": 117678,
  "nummus_price_usd": 0.105284,
  "total_tbtc_balance": 0.13873536,
  "total_usd_value": 16326.10,
  "wallet_1": {
    "tbtc_balance": 0.00208798,
    "tbtc_usd_value": 245.71
  },
  "wallet_2": {
    "tbtc_balance": 0.13664738,
    "tbtc_usd_value": 16080.39
  },
  "timestamp": "2025-07-20T20:24:05Z"
}
