{
  "tbtc_price_usd": 115498,
  "nummus_price_usd": 0.140776,
  "total_tbtc_balance": 0.15527903,
  "total_usd_value": 17934.42,
  "wallet_1": {
    "tbtc_balance": 0.00586497,
    "tbtc_usd_value": 677.39
  },
  "wallet_2": {
    "tbtc_balance": 0.14941406,
    "tbtc_usd_value": 17257.03
  },
  "timestamp": "2025-07-25T09:27:06Z"
}
