{
  "tbtc_price_usd": 117494,
  "nummus_price_usd": 0.065165,
  "total_tbtc_balance": 0.09877926,
  "total_usd_value": 11605.97,
  "wallet_1": {
    "tbtc_balance": 0.00344595,
    "tbtc_usd_value": 404.88
  },
  "wallet_2": {
    "tbtc_balance": 0.09533331,
    "tbtc_usd_value": 11201.09
  },
  "timestamp": "2025-07-11T13:33:31Z"
}
