{
  "tbtc_price_usd": 117112,
  "nummus_price_usd": 0.062464,
  "total_tbtc_balance": 0.10289599,
  "total_usd_value": 12050.35,
  "wallet_1": {
    "tbtc_balance": 0.00130819,
    "tbtc_usd_value": 153.20
  },
  "wallet_2": {
    "tbtc_balance": 0.10158780,
    "tbtc_usd_value": 11897.15
  },
  "timestamp": "2025-07-12T16:24:57Z"
}
