{
  "tbtc_price_usd": 118046,
  "nummus_price_usd": 0.108505,
  "total_tbtc_balance": 0.12077732,
  "total_usd_value": 14257.28,
  "wallet_1": {
    "tbtc_balance": 0.00808539,
    "tbtc_usd_value": 954.45
  },
  "wallet_2": {
    "tbtc_balance": 0.11269193,
    "tbtc_usd_value": 13302.83
  },
  "timestamp": "2025-07-17T08:30:29Z"
}
