{
  "tbtc_price_usd": 108345,
  "nummus_price_usd": 0.099205,
  "total_tbtc_balance": 0.08704418,
  "total_usd_value": 9430.81,
  "wallet_1": {
    "tbtc_balance": 0.00626799,
    "tbtc_usd_value": 679.11
  },
  "wallet_2": {
    "tbtc_balance": 0.08077619,
    "tbtc_usd_value": 8751.70
  },
  "timestamp": "2025-07-09T01:49:04Z"
}
