{
  "tbtc_price_usd": 108051,
  "nummus_price_usd": 0.104188,
  "total_tbtc_balance": 0.07510853,
  "total_usd_value": 8115.55,
  "wallet_1": {
    "tbtc_balance": 0.00466233,
    "tbtc_usd_value": 503.77
  },
  "wallet_2": {
    "tbtc_balance": 0.07044620,
    "tbtc_usd_value": 7611.78
  },
  "timestamp": "2025-07-05T11:16:32Z"
}
