{
  "tbtc_price_usd": 107551,
  "nummus_price_usd": 0.115321,
  "total_tbtc_balance": 0.07367676,
  "total_usd_value": 7924.01,
  "wallet_1": {
    "tbtc_balance": 0.00323056,
    "tbtc_usd_value": 347.45
  },
  "wallet_2": {
    "tbtc_balance": 0.07044620,
    "tbtc_usd_value": 7576.56
  },
  "timestamp": "2025-07-04T18:28:54Z"
}
