{
  "tbtc_price_usd": 116914,
  "nummus_price_usd": 0.067406,
  "total_tbtc_balance": 0.09945715,
  "total_usd_value": 11627.93,
  "wallet_1": {
    "tbtc_balance": 0.00412384,
    "tbtc_usd_value": 482.13
  },
  "wallet_2": {
    "tbtc_balance": 0.09533331,
    "tbtc_usd_value": 11145.80
  },
  "timestamp": "2025-07-11T16:27:26Z"
}
