{
  "tbtc_price_usd": 109582,
  "nummus_price_usd": 0.122449,
  "total_tbtc_balance": 0.07100102,
  "total_usd_value": 7780.44,
  "wallet_1": {
    "tbtc_balance": 0.00055482,
    "tbtc_usd_value": 60.80
  },
  "wallet_2": {
    "tbtc_balance": 0.07044620,
    "tbtc_usd_value": 7719.64
  },
  "timestamp": "2025-07-03T18:29:53Z"
}
