{
  "tbtc_price_usd": 117466,
  "nummus_price_usd": 0.073019,
  "total_tbtc_balance": 0.10087492,
  "total_usd_value": 11849.37,
  "wallet_1": {
    "tbtc_balance": 0.00554161,
    "tbtc_usd_value": 650.95
  },
  "wallet_2": {
    "tbtc_balance": 0.09533331,
    "tbtc_usd_value": 11198.42
  },
  "timestamp": "2025-07-12T04:32:24Z"
}
