{
  "tbtc_price_usd": 118149,
  "nummus_price_usd": 0.1063,
  "total_tbtc_balance": 0.13769393,
  "total_usd_value": 16268.40,
  "wallet_1": {
    "tbtc_balance": 0.00104655,
    "tbtc_usd_value": 123.65
  },
  "wallet_2": {
    "tbtc_balance": 0.13664738,
    "tbtc_usd_value": 16144.75
  },
  "timestamp": "2025-07-20T17:18:44Z"
}
