{
  "tbtc_price_usd": 117949,
  "nummus_price_usd": 0.126863,
  "total_tbtc_balance": 0.15184363,
  "total_usd_value": 17909.81,
  "wallet_1": {
    "tbtc_balance": 0.00242957,
    "tbtc_usd_value": 286.57
  },
  "wallet_2": {
    "tbtc_balance": 0.14941406,
    "tbtc_usd_value": 17623.24
  },
  "timestamp": "2025-07-24T10:25:38Z"
}
