{
  "tbtc_price_usd": 117140,
  "nummus_price_usd": 0.104236,
  "total_tbtc_balance": 0.13873536,
  "total_usd_value": 16251.46,
  "wallet_1": {
    "tbtc_balance": 0.00208798,
    "tbtc_usd_value": 244.59
  },
  "wallet_2": {
    "tbtc_balance": 0.13664738,
    "tbtc_usd_value": 16006.87
  },
  "timestamp": "2025-07-20T23:22:07Z"
}
