{
  "tbtc_price_usd": 117015,
  "nummus_price_usd": 0.079933,
  "total_tbtc_balance": 0.11269193,
  "total_usd_value": 13186.65,
  "wallet_1": {
    "tbtc_balance": 0.01110413,
    "tbtc_usd_value": 1299.35
  },
  "wallet_2": {
    "tbtc_balance": 0.10158780,
    "tbtc_usd_value": 11887.30
  },
  "timestamp": "2025-07-15T17:20:15Z"
}
