{
  "tbtc_price_usd": 107143,
  "nummus_price_usd": 0.127533,
  "total_tbtc_balance": 0.06206801,
  "total_usd_value": 6650.16,
  "wallet_1": {
    "tbtc_balance": 0.00177376,
    "tbtc_usd_value": 190.05
  },
  "wallet_2": {
    "tbtc_balance": 0.06029425,
    "tbtc_usd_value": 6460.11
  },
  "timestamp": "2025-06-30T21:51:44Z"
}
