{
  "tbtc_price_usd": 118759,
  "nummus_price_usd": 0.066164,
  "total_tbtc_balance": 0.10599389,
  "total_usd_value": 12587.73,
  "wallet_1": {
    "tbtc_balance": 0.00440609,
    "tbtc_usd_value": 523.26
  },
  "wallet_2": {
    "tbtc_balance": 0.10158780,
    "tbtc_usd_value": 12064.47
  },
  "timestamp": "2025-07-13T18:28:34Z"
}
