{
  "tbtc_price_usd": 109264,
  "nummus_price_usd": 0.128479,
  "total_tbtc_balance": 0.06766675,
  "total_usd_value": 7393.54,
  "wallet_1": {
    "tbtc_balance": 0.00737250,
    "tbtc_usd_value": 805.55
  },
  "wallet_2": {
    "tbtc_balance": 0.06029425,
    "tbtc_usd_value": 6587.99
  },
  "timestamp": "2025-07-02T22:19:49Z"
}
