{
  "tbtc_price_usd": 109364,
  "nummus_price_usd": 0.099334,
  "total_tbtc_balance": 0.09020817,
  "total_usd_value": 9865.53,
  "wallet_1": {
    "tbtc_balance": 0.00943198,
    "tbtc_usd_value": 1031.52
  },
  "wallet_2": {
    "tbtc_balance": 0.08077619,
    "tbtc_usd_value": 8834.01
  },
  "timestamp": "2025-07-09T13:34:50Z"
}
