{
  "tbtc_price_usd": 111092,
  "nummus_price_usd": 0.098795,
  "total_tbtc_balance": 0.09332218,
  "total_usd_value": 10367.35,
  "wallet_1": {
    "tbtc_balance": 0.01254599,
    "tbtc_usd_value": 1393.76
  },
  "wallet_2": {
    "tbtc_balance": 0.08077619,
    "tbtc_usd_value": 8973.59
  },
  "timestamp": "2025-07-10T07:22:00Z"
}
