{
  "tbtc_price_usd": 108297,
  "nummus_price_usd": 0.099491,
  "total_tbtc_balance": 0.08493421,
  "total_usd_value": 9198.12,
  "wallet_1": {
    "tbtc_balance": 0.00415802,
    "tbtc_usd_value": 450.30
  },
  "wallet_2": {
    "tbtc_balance": 0.08077619,
    "tbtc_usd_value": 8747.82
  },
  "timestamp": "2025-07-08T12:44:15Z"
}
