{
  "tbtc_price_usd": 108125,
  "nummus_price_usd": 0.108949,
  "total_tbtc_balance": 0.07468713,
  "total_usd_value": 8075.55,
  "wallet_1": {
    "tbtc_balance": 0.00424093,
    "tbtc_usd_value": 458.55
  },
  "wallet_2": {
    "tbtc_balance": 0.07044620,
    "tbtc_usd_value": 7617.00
  },
  "timestamp": "2025-07-05T07:19:10Z"
}
