{
  "tbtc_price_usd": 107946,
  "nummus_price_usd": 0.105375,
  "total_tbtc_balance": 0.07510853,
  "total_usd_value": 8107.67,
  "wallet_1": {
    "tbtc_balance": 0.00466233,
    "tbtc_usd_value": 503.28
  },
  "wallet_2": {
    "tbtc_balance": 0.07044620,
    "tbtc_usd_value": 7604.39
  },
  "timestamp": "2025-07-05T12:39:12Z"
}
