{
  "tbtc_price_usd": 117335,
  "nummus_price_usd": 0.064064,
  "total_tbtc_balance": 0.10227868,
  "total_usd_value": 12000.86,
  "wallet_1": {
    "tbtc_balance": 0.00069088,
    "tbtc_usd_value": 81.06
  },
  "wallet_2": {
    "tbtc_balance": 0.10158780,
    "tbtc_usd_value": 11919.80
  },
  "timestamp": "2025-07-12T12:40:05Z"
}
