{
  "tbtc_price_usd": 117957,
  "nummus_price_usd": 0.112659,
  "total_tbtc_balance": 0.12188441,
  "total_usd_value": 14377.12,
  "wallet_1": {
    "tbtc_balance": 0.00919248,
    "tbtc_usd_value": 1084.32
  },
  "wallet_2": {
    "tbtc_balance": 0.11269193,
    "tbtc_usd_value": 13292.80
  },
  "timestamp": "2025-07-17T11:19:52Z"
}
