{
  "tbtc_price_usd": 117786,
  "nummus_price_usd": 0.109016,
  "total_tbtc_balance": 0.13344788,
  "total_usd_value": 15718.29,
  "wallet_1": {
    "tbtc_balance": 0.00736288,
    "tbtc_usd_value": 867.24
  },
  "wallet_2": {
    "tbtc_balance": 0.12608500,
    "tbtc_usd_value": 14851.05
  },
  "timestamp": "2025-07-19T20:23:17Z"
}
