{
  "tbtc_price_usd": 119224,
  "nummus_price_usd": 0.105808,
  "total_tbtc_balance": 0.14079270,
  "total_usd_value": 16785.87,
  "wallet_1": {
    "tbtc_balance": 0.00414532,
    "tbtc_usd_value": 494.22
  },
  "wallet_2": {
    "tbtc_balance": 0.13664738,
    "tbtc_usd_value": 16291.65
  },
  "timestamp": "2025-07-21T07:29:25Z"
}
