{
  "tbtc_price_usd": 108742,
  "nummus_price_usd": 0.100419,
  "total_tbtc_balance": 0.08598171,
  "total_usd_value": 9349.82,
  "wallet_1": {
    "tbtc_balance": 0.00520552,
    "tbtc_usd_value": 566.06
  },
  "wallet_2": {
    "tbtc_balance": 0.08077619,
    "tbtc_usd_value": 8783.76
  },
  "timestamp": "2025-07-08T21:20:30Z"
}
