{
  "tbtc_price_usd": 116779,
  "nummus_price_usd": 0.079858,
  "total_tbtc_balance": 0.11114941,
  "total_usd_value": 12979.92,
  "wallet_1": {
    "tbtc_balance": 0.00956161,
    "tbtc_usd_value": 1116.60
  },
  "wallet_2": {
    "tbtc_balance": 0.10158780,
    "tbtc_usd_value": 11863.32
  },
  "timestamp": "2025-07-15T06:34:15Z"
}
