{
  "tbtc_price_usd": 117432,
  "nummus_price_usd": 0.108926,
  "total_tbtc_balance": 0.13344788,
  "total_usd_value": 15671.05,
  "wallet_1": {
    "tbtc_balance": 0.00736288,
    "tbtc_usd_value": 864.64
  },
  "wallet_2": {
    "tbtc_balance": 0.12608500,
    "tbtc_usd_value": 14806.41
  },
  "timestamp": "2025-07-19T21:20:02Z"
}
