{
  "tbtc_price_usd": 108040,
  "nummus_price_usd": 0.082954,
  "total_tbtc_balance": 0.07556340,
  "total_usd_value": 8163.87,
  "wallet_1": {
    "tbtc_balance": 0.00511720,
    "tbtc_usd_value": 552.86
  },
  "wallet_2": {
    "tbtc_balance": 0.07044620,
    "tbtc_usd_value": 7611.01
  },
  "timestamp": "2025-07-05T15:20:02Z"
}
