{
  "tbtc_price_usd": 117926,
  "nummus_price_usd": 0.10125,
  "total_tbtc_balance": 0.14547107,
  "total_usd_value": 17154.82,
  "wallet_1": {
    "tbtc_balance": 0.00882369,
    "tbtc_usd_value": 1040.54
  },
  "wallet_2": {
    "tbtc_balance": 0.13664738,
    "tbtc_usd_value": 16114.28
  },
  "timestamp": "2025-07-22T09:28:34Z"
}
