{
  "tbtc_price_usd": 106621,
  "nummus_price_usd": 0.120569,
  "total_tbtc_balance": 0.06596232,
  "total_usd_value": 7032.97,
  "wallet_1": {
    "tbtc_balance": 0.00566807,
    "tbtc_usd_value": 604.34
  },
  "wallet_2": {
    "tbtc_balance": 0.06029425,
    "tbtc_usd_value": 6428.63
  },
  "timestamp": "2025-07-02T07:21:06Z"
}
