{
  "tbtc_price_usd": 117736,
  "nummus_price_usd": 0.107567,
  "total_tbtc_balance": 0.13238970,
  "total_usd_value": 15587.03,
  "wallet_1": {
    "tbtc_balance": 0.00630470,
    "tbtc_usd_value": 742.29
  },
  "wallet_2": {
    "tbtc_balance": 0.12608500,
    "tbtc_usd_value": 14844.74
  },
  "timestamp": "2025-07-19T14:19:10Z"
}
