{
  "tbtc_price_usd": 119755,
  "nummus_price_usd": 0.080648,
  "total_tbtc_balance": 0.11035840,
  "total_usd_value": 13215.97,
  "wallet_1": {
    "tbtc_balance": 0.00877060,
    "tbtc_usd_value": 1050.32
  },
  "wallet_2": {
    "tbtc_balance": 0.10158780,
    "tbtc_usd_value": 12165.65
  },
  "timestamp": "2025-07-14T23:21:03Z"
}
