{
  "tbtc_price_usd": 106929,
  "nummus_price_usd": 0.12242,
  "total_tbtc_balance": 0.06652305,
  "total_usd_value": 7113.24,
  "wallet_1": {
    "tbtc_balance": 0.00622880,
    "tbtc_usd_value": 666.04
  },
  "wallet_2": {
    "tbtc_balance": 0.06029425,
    "tbtc_usd_value": 6447.20
  },
  "timestamp": "2025-07-02T12:43:09Z"
}
