{
  "tbtc_price_usd": 118432,
  "nummus_price_usd": 0.126576,
  "total_tbtc_balance": 0.15184363,
  "total_usd_value": 17983.15,
  "wallet_1": {
    "tbtc_balance": 0.00242957,
    "tbtc_usd_value": 287.74
  },
  "wallet_2": {
    "tbtc_balance": 0.14941406,
    "tbtc_usd_value": 17695.41
  },
  "timestamp": "2025-07-24T11:20:13Z"
}
