{
  "tbtc_price_usd": 119384,
  "nummus_price_usd": 0.108838,
  "total_tbtc_balance": 0.14850586,
  "total_usd_value": 17729.22,
  "wallet_1": {
    "tbtc_balance": 0.01185848,
    "tbtc_usd_value": 1415.71
  },
  "wallet_2": {
    "tbtc_balance": 0.13664738,
    "tbtc_usd_value": 16313.51
  },
  "timestamp": "2025-07-22T21:24:43Z"
}
