{
  "tbtc_price_usd": 106325,
  "nummus_price_usd": 0.120812,
  "total_tbtc_balance": 0.06378321,
  "total_usd_value": 6781.75,
  "wallet_1": {
    "tbtc_balance": 0.00348896,
    "tbtc_usd_value": 370.96
  },
  "wallet_2": {
    "tbtc_balance": 0.06029425,
    "tbtc_usd_value": 6410.79
  },
  "timestamp": "2025-07-01T10:23:46Z"
}
