{
  "tbtc_price_usd": 105849,
  "nummus_price_usd": 0.115246,
  "total_tbtc_balance": 0.06485557,
  "total_usd_value": 6864.90,
  "wallet_1": {
    "tbtc_balance": 0.00456132,
    "tbtc_usd_value": 482.81
  },
  "wallet_2": {
    "tbtc_balance": 0.06029425,
    "tbtc_usd_value": 6382.09
  },
  "timestamp": "2025-07-01T21:25:21Z"
}
