{
  "tbtc_price_usd": 118296,
  "nummus_price_usd": 0.101316,
  "total_tbtc_balance": 0.14181513,
  "total_usd_value": 16776.16,
  "wallet_1": {
    "tbtc_balance": 0.00516775,
    "tbtc_usd_value": 611.32
  },
  "wallet_2": {
    "tbtc_balance": 0.13664738,
    "tbtc_usd_value": 16164.84
  },
  "timestamp": "2025-07-21T11:19:49Z"
}
