{
  "tbtc_price_usd": 110959,
  "nummus_price_usd": 0.097533,
  "total_tbtc_balance": 0.09332218,
  "total_usd_value": 10354.94,
  "wallet_1": {
    "tbtc_balance": 0.01254599,
    "tbtc_usd_value": 1392.09
  },
  "wallet_2": {
    "tbtc_balance": 0.08077619,
    "tbtc_usd_value": 8962.85
  },
  "timestamp": "2025-07-10T04:33:32Z"
}
