{
  "tbtc_price_usd": 109208,
  "nummus_price_usd": 0.128168,
  "total_tbtc_balance": 0.06708625,
  "total_usd_value": 7326.35,
  "wallet_1": {
    "tbtc_balance": 0.00679200,
    "tbtc_usd_value": 741.74
  },
  "wallet_2": {
    "tbtc_balance": 0.06029425,
    "tbtc_usd_value": 6584.61
  },
  "timestamp": "2025-07-02T18:30:09Z"
}
