{
  "tbtc_price_usd": 107516,
  "total_tbtc_balance": 0.06206801,
  "total_usd_value": 6673.31,
  "wallet_1": {
    "tbtc_balance": 0.00177376,
    "tbtc_usd_value": 190.71
  },
  "wallet_2": {
    "tbtc_balance": 0.06029425,
    "tbtc_usd_value": 6482.60
  },
  "timestamp": "2025-06-30T19:25:58Z"
}
