{
  "tbtc_price_usd": 118156,
  "nummus_price_usd": 0.114314,
  "total_tbtc_balance": 0.16106821,
  "total_usd_value": 19031.18,
  "wallet_1": {
    "tbtc_balance": 0.00142859,
    "tbtc_usd_value": 168.80
  },
  "wallet_2": {
    "tbtc_balance": 0.15963962,
    "tbtc_usd_value": 18862.38
  },
  "timestamp": "2025-07-26T17:21:48Z"
}
