{
  "tbtc_price_usd": 118264,
  "nummus_price_usd": 0.108924,
  "total_tbtc_balance": 0.14895649,
  "total_usd_value": 17616.19,
  "wallet_1": {
    "tbtc_balance": 0.01230911,
    "tbtc_usd_value": 1455.72
  },
  "wallet_2": {
    "tbtc_balance": 0.13664738,
    "tbtc_usd_value": 16160.47
  },
  "timestamp": "2025-07-23T05:29:11Z"
}
