{
  "tbtc_price_usd": 118913,
  "nummus_price_usd": 0.123856,
  "total_tbtc_balance": 0.15133888,
  "total_usd_value": 17996.16,
  "wallet_1": {
    "tbtc_balance": 0.00192482,
    "tbtc_usd_value": 228.89
  },
  "wallet_2": {
    "tbtc_balance": 0.14941406,
    "tbtc_usd_value": 17767.27
  },
  "timestamp": "2025-07-24T03:39:44Z"
}
