{
  "tbtc_price_usd": 107590,
  "nummus_price_usd": 0.099568,
  "total_tbtc_balance": 0.08282190,
  "total_usd_value": 8910.81,
  "wallet_1": {
    "tbtc_balance": 0.00204571,
    "tbtc_usd_value": 220.10
  },
  "wallet_2": {
    "tbtc_balance": 0.08077619,
    "tbtc_usd_value": 8690.71
  },
  "timestamp": "2025-07-08T05:22:09Z"
}
