{
  "tbtc_price_usd": 117566,
  "nummus_price_usd": 0.081043,
  "total_tbtc_balance": 0.09877926,
  "total_usd_value": 11613.09,
  "wallet_1": {
    "tbtc_balance": 0.00344595,
    "tbtc_usd_value": 405.13
  },
  "wallet_2": {
    "tbtc_balance": 0.09533331,
    "tbtc_usd_value": 11207.96
  },
  "timestamp": "2025-07-11T11:19:12Z"
}
