{
  "tbtc_price_usd": 108531,
  "nummus_price_usd": 0.100217,
  "total_tbtc_balance": 0.08915844,
  "total_usd_value": 9676.45,
  "wallet_1": {
    "tbtc_balance": 0.00838225,
    "tbtc_usd_value": 909.73
  },
  "wallet_2": {
    "tbtc_balance": 0.08077619,
    "tbtc_usd_value": 8766.72
  },
  "timestamp": "2025-07-09T09:25:55Z"
}
