{
  "tbtc_price_usd": 117422,
  "nummus_price_usd": 0.070972,
  "total_tbtc_balance": 0.10015384,
  "total_usd_value": 11760.27,
  "wallet_1": {
    "tbtc_balance": 0.00482053,
    "tbtc_usd_value": 566.04
  },
  "wallet_2": {
    "tbtc_balance": 0.09533331,
    "tbtc_usd_value": 11194.23
  },
  "timestamp": "2025-07-11T23:20:44Z"
}
