{
  "tbtc_price_usd": 118204,
  "nummus_price_usd": 0.112915,
  "total_tbtc_balance": 0.16106821,
  "total_usd_value": 19038.91,
  "wallet_1": {
    "tbtc_balance": 0.00142859,
    "tbtc_usd_value": 168.87
  },
  "wallet_2": {
    "tbtc_balance": 0.15963962,
    "tbtc_usd_value": 18870.04
  },
  "timestamp": "2025-07-26T16:26:29Z"
}
