{
  "tbtc_price_usd": 107559,
  "nummus_price_usd": 0.111746,
  "total_tbtc_balance": 0.07367676,
  "total_usd_value": 7924.60,
  "wallet_1": {
    "tbtc_balance": 0.00323056,
    "tbtc_usd_value": 347.48
  },
  "wallet_2": {
    "tbtc_balance": 0.07044620,
    "tbtc_usd_value": 7577.12
  },
  "timestamp": "2025-07-04T21:19:59Z"
}
