{
  "tbtc_price_usd": 109254,
  "nummus_price_usd": 0.099713,
  "total_tbtc_balance": 0.08915844,
  "total_usd_value": 9740.91,
  "wallet_1": {
    "tbtc_balance": 0.00838225,
    "tbtc_usd_value": 915.79
  },
  "wallet_2": {
    "tbtc_balance": 0.08077619,
    "tbtc_usd_value": 8825.12
  },
  "timestamp": "2025-07-09T12:44:13Z"
}
