{
  "tbtc_price_usd": 109135,
  "nummus_price_usd": 0.129966,
  "total_tbtc_balance": 0.06708625,
  "total_usd_value": 7321.45,
  "wallet_1": {
    "tbtc_balance": 0.00679200,
    "tbtc_usd_value": 741.24
  },
  "wallet_2": {
    "tbtc_balance": 0.06029425,
    "tbtc_usd_value": 6580.21
  },
  "timestamp": "2025-07-02T20:21:27Z"
}
