{
  "tbtc_price_usd": 118345,
  "nummus_price_usd": 0.136911,
  "total_tbtc_balance": 0.15294218,
  "total_usd_value": 18099.95,
  "wallet_1": {
    "tbtc_balance": 0.00352812,
    "tbtc_usd_value": 417.54
  },
  "wallet_2": {
    "tbtc_balance": 0.14941406,
    "tbtc_usd_value": 17682.41
  },
  "timestamp": "2025-07-24T22:22:04Z"
}
