{
  "tbtc_price_usd": 121655,
  "nummus_price_usd": 0.08298,
  "total_tbtc_balance": 0.10804596,
  "total_usd_value": 13144.33,
  "wallet_1": {
    "tbtc_balance": 0.00645816,
    "tbtc_usd_value": 785.67
  },
  "wallet_2": {
    "tbtc_balance": 0.10158780,
    "tbtc_usd_value": 12358.66
  },
  "timestamp": "2025-07-14T10:25:12Z"
}
