{
  "tbtc_price_usd": 117076,
  "nummus_price_usd": 0.063356,
  "total_tbtc_balance": 0.10227868,
  "total_usd_value": 11974.38,
  "wallet_1": {
    "tbtc_balance": 0.00069088,
    "tbtc_usd_value": 80.89
  },
  "wallet_2": {
    "tbtc_balance": 0.10158780,
    "tbtc_usd_value": 11893.49
  },
  "timestamp": "2025-07-12T13:29:52Z"
}
