{
  "tbtc_price_usd": 116888,
  "nummus_price_usd": 0.103147,
  "total_tbtc_balance": 0.15738285,
  "total_usd_value": 18396.17,
  "wallet_1": {
    "tbtc_balance": 0.00796879,
    "tbtc_usd_value": 931.46
  },
  "wallet_2": {
    "tbtc_balance": 0.14941406,
    "tbtc_usd_value": 17464.71
  },
  "timestamp": "2025-07-25T20:24:49Z"
}
