{
  "tbtc_price_usd": 118069,
  "nummus_price_usd": 0.106361,
  "total_tbtc_balance": 0.13769393,
  "total_usd_value": 16257.39,
  "wallet_1": {
    "tbtc_balance": 0.00104655,
    "tbtc_usd_value": 123.57
  },
  "wallet_2": {
    "tbtc_balance": 0.13664738,
    "tbtc_usd_value": 16133.82
  },
  "timestamp": "2025-07-20T18:29:46Z"
}
