{
  "tbtc_price_usd": 121459,
  "nummus_price_usd": 0.081166,
  "total_tbtc_balance": 0.10883368,
  "total_usd_value": 13218.83,
  "wallet_1": {
    "tbtc_balance": 0.00724588,
    "tbtc_usd_value": 880.08
  },
  "wallet_2": {
    "tbtc_balance": 0.10158780,
    "tbtc_usd_value": 12338.75
  },
  "timestamp": "2025-07-14T14:22:48Z"
}
