{
  "tbtc_price_usd": 119599,
  "nummus_price_usd": 0.078124,
  "total_tbtc_balance": 0.10957845,
  "total_usd_value": 13105.47,
  "wallet_1": {
    "tbtc_balance": 0.00799065,
    "tbtc_usd_value": 955.67
  },
  "wallet_2": {
    "tbtc_balance": 0.10158780,
    "tbtc_usd_value": 12149.80
  },
  "timestamp": "2025-07-14T19:16:41Z"
}
