{
  "tbtc_price_usd": 110636,
  "nummus_price_usd": 0.092711,
  "total_tbtc_balance": 0.09434770,
  "total_usd_value": 10438.25,
  "wallet_1": {
    "tbtc_balance": 0.01357151,
    "tbtc_usd_value": 1501.50
  },
  "wallet_2": {
    "tbtc_balance": 0.08077619,
    "tbtc_usd_value": 8936.75
  },
  "timestamp": "2025-07-10T12:45:00Z"
}
