{
  "tbtc_price_usd": 109149,
  "nummus_price_usd": 0.128762,
  "total_tbtc_balance": 0.06882436,
  "total_usd_value": 7512.11,
  "wallet_1": {
    "tbtc_balance": 0.00853011,
    "tbtc_usd_value": 931.05
  },
  "wallet_2": {
    "tbtc_balance": 0.06029425,
    "tbtc_usd_value": 6581.06
  },
  "timestamp": "2025-07-03T08:28:52Z"
}
