{
  "tbtc_price_usd": 105547,
  "nummus_price_usd": 0.119555,
  "total_tbtc_balance": 0.06540800,
  "total_usd_value": 6903.62,
  "wallet_1": {
    "tbtc_balance": 0.00511375,
    "tbtc_usd_value": 539.74
  },
  "wallet_2": {
    "tbtc_balance": 0.06029425,
    "tbtc_usd_value": 6363.88
  },
  "timestamp": "2025-07-02T01:46:51Z"
}
