{
  "tbtc_price_usd": 117669,
  "nummus_price_usd": 0.072697,
  "total_tbtc_balance": 0.10158780,
  "total_usd_value": 11953.74,
  "wallet_1": {
    "tbtc_balance": 0.00625449,
    "tbtc_usd_value": 735.96
  },
  "wallet_2": {
    "tbtc_balance": 0.09533331,
    "tbtc_usd_value": 11217.78
  },
  "timestamp": "2025-07-12T06:30:25Z"
}
