{
  "tbtc_price_usd": 107758,
  "nummus_price_usd": 0.09418,
  "total_tbtc_balance": 0.08177801,
  "total_usd_value": 8812.23,
  "wallet_1": {
    "tbtc_balance": 0.00100182,
    "tbtc_usd_value": 107.95
  },
  "wallet_2": {
    "tbtc_balance": 0.08077619,
    "tbtc_usd_value": 8704.28
  },
  "timestamp": "2025-07-07T21:19:57Z"
}
