{
  "tbtc_price_usd": 118318,
  "nummus_price_usd": 0.106571,
  "total_tbtc_balance": 0.13769393,
  "total_usd_value": 16291.67,
  "wallet_1": {
    "tbtc_balance": 0.00104655,
    "tbtc_usd_value": 123.83
  },
  "wallet_2": {
    "tbtc_balance": 0.13664738,
    "tbtc_usd_value": 16167.84
  },
  "timestamp": "2025-07-20T16:25:54Z"
}
