{
  "tbtc_price_usd": 107562,
  "nummus_price_usd": 0.115393,
  "total_tbtc_balance": 0.07367676,
  "total_usd_value": 7924.82,
  "wallet_1": {
    "tbtc_balance": 0.00323056,
    "tbtc_usd_value": 347.49
  },
  "wallet_2": {
    "tbtc_balance": 0.07044620,
    "tbtc_usd_value": 7577.33
  },
  "timestamp": "2025-07-04T20:22:15Z"
}
