{
  "tbtc_price_usd": 117916,
  "nummus_price_usd": 0.109253,
  "total_tbtc_balance": 0.11550644,
  "total_usd_value": 13620.06,
  "wallet_1": {
    "tbtc_balance": 0.00281451,
    "tbtc_usd_value": 331.88
  },
  "wallet_2": {
    "tbtc_balance": 0.11269193,
    "tbtc_usd_value": 13288.18
  },
  "timestamp": "2025-07-16T07:23:20Z"
}
