{
  "tbtc_price_usd": 118091,
  "nummus_price_usd": 0.097031,
  "total_tbtc_balance": 0.14181513,
  "total_usd_value": 16747.09,
  "wallet_1": {
    "tbtc_balance": 0.00516775,
    "tbtc_usd_value": 610.26
  },
  "wallet_2": {
    "tbtc_balance": 0.13664738,
    "tbtc_usd_value": 16136.83
  },
  "timestamp": "2025-07-21T12:48:30Z"
}
