{
  "tbtc_price_usd": 108293,
  "nummus_price_usd": 0.100207,
  "total_tbtc_balance": 0.08493421,
  "total_usd_value": 9197.78,
  "wallet_1": {
    "tbtc_balance": 0.00415802,
    "tbtc_usd_value": 450.28
  },
  "wallet_2": {
    "tbtc_balance": 0.08077619,
    "tbtc_usd_value": 8747.50
  },
  "timestamp": "2025-07-08T14:20:30Z"
}
