{
  "tbtc_price_usd": 117394,
  "nummus_price_usd": 0.105831,
  "total_tbtc_balance": 0.11446280,
  "total_usd_value": 13437.25,
  "wallet_1": {
    "tbtc_balance": 0.00177087,
    "tbtc_usd_value": 207.89
  },
  "wallet_2": {
    "tbtc_balance": 0.11269193,
    "tbtc_usd_value": 13229.36
  },
  "timestamp": "2025-07-16T04:38:54Z"
}
