{
  "tbtc_price_usd": 107783,
  "nummus_price_usd": 0.095228,
  "total_tbtc_balance": 0.07641149,
  "total_usd_value": 8235.86,
  "wallet_1": {
    "tbtc_balance": 0.00596529,
    "tbtc_usd_value": 642.96
  },
  "wallet_2": {
    "tbtc_balance": 0.07044620,
    "tbtc_usd_value": 7592.90
  },
  "timestamp": "2025-07-06T03:27:41Z"
}
