{
  "tbtc_price_usd": 107536,
  "nummus_price_usd": 0.122636,
  "total_tbtc_balance": 0.06596232,
  "total_usd_value": 7093.32,
  "wallet_1": {
    "tbtc_balance": 0.00566807,
    "tbtc_usd_value": 609.52
  },
  "wallet_2": {
    "tbtc_balance": 0.06029425,
    "tbtc_usd_value": 6483.80
  },
  "timestamp": "2025-07-02T10:23:41Z"
}
