{
  "tbtc_price_usd": 107672,
  "nummus_price_usd": 0.094333,
  "total_tbtc_balance": 0.07684491,
  "total_usd_value": 8274.04,
  "wallet_1": {
    "tbtc_balance": 0.00639871,
    "tbtc_usd_value": 688.96
  },
  "wallet_2": {
    "tbtc_balance": 0.07044620,
    "tbtc_usd_value": 7585.08
  },
  "timestamp": "2025-07-06T08:25:49Z"
}
