{
  "tbtc_price_usd": 108608,
  "nummus_price_usd": 0.118834,
  "total_tbtc_balance": 0.07261854,
  "total_usd_value": 7886.95,
  "wallet_1": {
    "tbtc_balance": 0.00217234,
    "tbtc_usd_value": 235.93
  },
  "wallet_2": {
    "tbtc_balance": 0.07044620,
    "tbtc_usd_value": 7651.02
  },
  "timestamp": "2025-07-04T10:22:45Z"
}
