{
  "tbtc_price_usd": 117766,
  "nummus_price_usd": 0.108466,
  "total_tbtc_balance": 0.12921997,
  "total_usd_value": 15217.72,
  "wallet_1": {
    "tbtc_balance": 0.00313497,
    "tbtc_usd_value": 369.19
  },
  "wallet_2": {
    "tbtc_balance": 0.12608500,
    "tbtc_usd_value": 14848.53
  },
  "timestamp": "2025-07-18T23:21:09Z"
}
