{
  "tbtc_price_usd": 118380,
  "nummus_price_usd": 0.140365,
  "total_tbtc_balance": 0.15294218,
  "total_usd_value": 18105.30,
  "wallet_1": {
    "tbtc_balance": 0.00352812,
    "tbtc_usd_value": 417.66
  },
  "wallet_2": {
    "tbtc_balance": 0.14941406,
    "tbtc_usd_value": 17687.64
  },
  "timestamp": "2025-07-24T21:22:32Z"
}
