{
  "tbtc_price_usd": 107115,
  "nummus_price_usd": 0.124574,
  "total_tbtc_balance": 0.06264414,
  "total_usd_value": 6710.13,
  "wallet_1": {
    "tbtc_balance": 0.00234989,
    "tbtc_usd_value": 251.71
  },
  "wallet_2": {
    "tbtc_balance": 0.06029425,
    "tbtc_usd_value": 6458.42
  },
  "timestamp": "2025-07-01T01:57:19Z"
}
