{
  "tbtc_price_usd": 121066,
  "nummus_price_usd": 0.068984,
  "total_tbtc_balance": 0.10730367,
  "total_usd_value": 12990.83,
  "wallet_1": {
    "tbtc_balance": 0.00571587,
    "tbtc_usd_value": 692.00
  },
  "wallet_2": {
    "tbtc_balance": 0.10158780,
    "tbtc_usd_value": 12298.83
  },
  "timestamp": "2025-07-14T04:42:39Z"
}
