{
  "tbtc_price_usd": 119094,
  "nummus_price_usd": 0.105437,
  "total_tbtc_balance": 0.11762113,
  "total_usd_value": 14007.97,
  "wallet_1": {
    "tbtc_balance": 0.00492920,
    "tbtc_usd_value": 587.04
  },
  "wallet_2": {
    "tbtc_balance": 0.11269193,
    "tbtc_usd_value": 13420.93
  },
  "timestamp": "2025-07-16T18:32:24Z"
}
