{
  "tbtc_price_usd": 109405,
  "nummus_price_usd": 0.120471,
  "total_tbtc_balance": 0.07153927,
  "total_usd_value": 7826.76,
  "wallet_1": {
    "tbtc_balance": 0.00109307,
    "tbtc_usd_value": 119.59
  },
  "wallet_2": {
    "tbtc_balance": 0.07044620,
    "tbtc_usd_value": 7707.17
  },
  "timestamp": "2025-07-03T23:20:21Z"
}
