{
  "tbtc_price_usd": 105424,
  "nummus_price_usd": 0.115078,
  "total_tbtc_balance": 0.06485557,
  "total_usd_value": 6837.33,
  "wallet_1": {
    "tbtc_balance": 0.00456132,
    "tbtc_usd_value": 480.87
  },
  "wallet_2": {
    "tbtc_balance": 0.06029425,
    "tbtc_usd_value": 6356.46
  },
  "timestamp": "2025-07-01T20:23:25Z"
}
