{
  "tbtc_price_usd": 118554,
  "nummus_price_usd": 0.108332,
  "total_tbtc_balance": 0.12295280,
  "total_usd_value": 14576.55,
  "wallet_1": {
    "tbtc_balance": 0.01026087,
    "tbtc_usd_value": 1216.47
  },
  "wallet_2": {
    "tbtc_balance": 0.11269193,
    "tbtc_usd_value": 13360.08
  },
  "timestamp": "2025-07-17T20:25:02Z"
}
