{
  "tbtc_price_usd": 121543,
  "nummus_price_usd": 0.082316,
  "total_tbtc_balance": 0.10849665,
  "total_usd_value": 13187.01,
  "wallet_1": {
    "tbtc_balance": 0.00690885,
    "tbtc_usd_value": 839.72
  },
  "wallet_2": {
    "tbtc_balance": 0.10158780,
    "tbtc_usd_value": 12347.29
  },
  "timestamp": "2025-07-14T12:46:15Z"
}
