{
  "tbtc_price_usd": 117067,
  "nummus_price_usd": 0.063239,
  "total_tbtc_balance": 0.10227868,
  "total_usd_value": 11973.46,
  "wallet_1": {
    "tbtc_balance": 0.00069088,
    "tbtc_usd_value": 80.88
  },
  "wallet_2": {
    "tbtc_balance": 0.10158780,
    "tbtc_usd_value": 11892.58
  },
  "timestamp": "2025-07-12T15:21:00Z"
}
