{
  "tbtc_price_usd": 117815,
  "nummus_price_usd": 0.108004,
  "total_tbtc_balance": 0.13558317,
  "total_usd_value": 15973.73,
  "wallet_1": {
    "tbtc_balance": 0.00949817,
    "tbtc_usd_value": 1119.03
  },
  "wallet_2": {
    "tbtc_balance": 0.12608500,
    "tbtc_usd_value": 14854.70
  },
  "timestamp": "2025-07-20T06:31:04Z"
}
