{
  "tbtc_price_usd": 118703,
  "nummus_price_usd": 0.12955,
  "total_tbtc_balance": 0.15238770,
  "total_usd_value": 18088.88,
  "wallet_1": {
    "tbtc_balance": 0.00297364,
    "tbtc_usd_value": 352.98
  },
  "wallet_2": {
    "tbtc_balance": 0.14941406,
    "tbtc_usd_value": 17735.90
  },
  "timestamp": "2025-07-24T15:22:41Z"
}
