{
  "tbtc_price_usd": 108587,
  "nummus_price_usd": 0.09464,
  "total_tbtc_balance": 0.07767745,
  "total_usd_value": 8434.76,
  "wallet_1": {
    "tbtc_balance": 0.00723125,
    "tbtc_usd_value": 785.22
  },
  "wallet_2": {
    "tbtc_balance": 0.07044620,
    "tbtc_usd_value": 7649.54
  },
  "timestamp": "2025-07-06T17:18:08Z"
}
