{
  "tbtc_price_usd": 120638,
  "nummus_price_usd": 0.110131,
  "total_tbtc_balance": 0.12506449,
  "total_usd_value": 15087.53,
  "wallet_1": {
    "tbtc_balance": 0.01237256,
    "tbtc_usd_value": 1492.60
  },
  "wallet_2": {
    "tbtc_balance": 0.11269193,
    "tbtc_usd_value": 13594.93
  },
  "timestamp": "2025-07-18T05:27:17Z"
}
