{
  "tbtc_price_usd": 117030,
  "nummus_price_usd": 0.105218,
  "total_tbtc_balance": 0.15827786,
  "total_usd_value": 18523.26,
  "wallet_1": {
    "tbtc_balance": 0.00886380,
    "tbtc_usd_value": 1037.33
  },
  "wallet_2": {
    "tbtc_balance": 0.14941406,
    "tbtc_usd_value": 17485.93
  },
  "timestamp": "2025-07-26T03:27:31Z"
}
