{
  "tbtc_price_usd": 117561,
  "nummus_price_usd": 0.108711,
  "total_tbtc_balance": 0.13451784,
  "total_usd_value": 15814.05,
  "wallet_1": {
    "tbtc_balance": 0.00843284,
    "tbtc_usd_value": 991.37
  },
  "wallet_2": {
    "tbtc_balance": 0.12608500,
    "tbtc_usd_value": 14822.68
  },
  "timestamp": "2025-07-19T23:23:09Z"
}
