{
  "tbtc_price_usd": 120050,
  "nummus_price_usd": 0.108595,
  "total_tbtc_balance": 0.12506449,
  "total_usd_value": 15014.00,
  "wallet_1": {
    "tbtc_balance": 0.01237256,
    "tbtc_usd_value": 1485.33
  },
  "wallet_2": {
    "tbtc_balance": 0.11269193,
    "tbtc_usd_value": 13528.67
  },
  "timestamp": "2025-07-18T06:33:27Z"
}
