{
  "tbtc_price_usd": 116413,
  "nummus_price_usd": 0.148171,
  "total_tbtc_balance": 0.15527903,
  "total_usd_value": 18076.50,
  "wallet_1": {
    "tbtc_balance": 0.00586497,
    "tbtc_usd_value": 682.76
  },
  "wallet_2": {
    "tbtc_balance": 0.14941406,
    "tbtc_usd_value": 17393.74
  },
  "timestamp": "2025-07-25T12:46:51Z"
}
