{
  "tbtc_price_usd": 119957,
  "nummus_price_usd": 0.077104,
  "total_tbtc_balance": 0.10957845,
  "total_usd_value": 13144.70,
  "wallet_1": {
    "tbtc_balance": 0.00799065,
    "tbtc_usd_value": 958.53
  },
  "wallet_2": {
    "tbtc_balance": 0.10158780,
    "tbtc_usd_value": 12186.17
  },
  "timestamp": "2025-07-14T18:33:28Z"
}
