{
  "tbtc_price_usd": 111102,
  "nummus_price_usd": 0.100394,
  "total_tbtc_balance": 0.09126481,
  "total_usd_value": 10139.71,
  "wallet_1": {
    "tbtc_balance": 0.01048862,
    "tbtc_usd_value": 1165.31
  },
  "wallet_2": {
    "tbtc_balance": 0.08077619,
    "tbtc_usd_value": 8974.40
  },
  "timestamp": "2025-07-09T21:20:27Z"
}
