{
  "tbtc_price_usd": 108031,
  "nummus_price_usd": 0.108473,
  "total_tbtc_balance": 0.07468713,
  "total_usd_value": 8068.52,
  "wallet_1": {
    "tbtc_balance": 0.00424093,
    "tbtc_usd_value": 458.15
  },
  "wallet_2": {
    "tbtc_balance": 0.07044620,
    "tbtc_usd_value": 7610.37
  },
  "timestamp": "2025-07-05T06:29:06Z"
}
