{
  "tbtc_price_usd": 108722,
  "nummus_price_usd": 0.09265,
  "total_tbtc_balance": 0.07810339,
  "total_usd_value": 8491.56,
  "wallet_1": {
    "tbtc_balance": 0.00765719,
    "tbtc_usd_value": 832.51
  },
  "wallet_2": {
    "tbtc_balance": 0.07044620,
    "tbtc_usd_value": 7659.05
  },
  "timestamp": "2025-07-06T23:20:13Z"
}
