{
  "tbtc_price_usd": 118999,
  "nummus_price_usd": 0.066546,
  "total_tbtc_balance": 0.10599389,
  "total_usd_value": 12613.17,
  "wallet_1": {
    "tbtc_balance": 0.00440609,
    "tbtc_usd_value": 524.32
  },
  "wallet_2": {
    "tbtc_balance": 0.10158780,
    "tbtc_usd_value": 12088.85
  },
  "timestamp": "2025-07-13T20:21:58Z"
}
