{
  "tbtc_price_usd": 117598,
  "nummus_price_usd": 0.090072,
  "total_tbtc_balance": 0.14264304,
  "total_usd_value": 16774.54,
  "wallet_1": {
    "tbtc_balance": 0.00599566,
    "tbtc_usd_value": 705.08
  },
  "wallet_2": {
    "tbtc_balance": 0.13664738,
    "tbtc_usd_value": 16069.46
  },
  "timestamp": "2025-07-21T16:29:09Z"
}
