{
  "tbtc_price_usd": 106664,
  "nummus_price_usd": 0.122337,
  "total_tbtc_balance": 0.06321437,
  "total_usd_value": 6742.70,
  "wallet_1": {
    "tbtc_balance": 0.00292012,
    "tbtc_usd_value": 311.47
  },
  "wallet_2": {
    "tbtc_balance": 0.06029425,
    "tbtc_usd_value": 6431.23
  },
  "timestamp": "2025-07-01T06:32:29Z"
}
