{
  "tbtc_price_usd": 118448,
  "nummus_price_usd": 0.107655,
  "total_tbtc_balance": 0.14747076,
  "total_usd_value": 17467.62,
  "wallet_1": {
    "tbtc_balance": 0.01082338,
    "tbtc_usd_value": 1282.01
  },
  "wallet_2": {
    "tbtc_balance": 0.13664738,
    "tbtc_usd_value": 16185.61
  },
  "timestamp": "2025-07-22T17:22:24Z"
}
