{
  "tbtc_price_usd": 116921,
  "nummus_price_usd": 0.080099,
  "total_tbtc_balance": 0.11114941,
  "total_usd_value": 12995.70,
  "wallet_1": {
    "tbtc_balance": 0.00956161,
    "tbtc_usd_value": 1117.95
  },
  "wallet_2": {
    "tbtc_balance": 0.10158780,
    "tbtc_usd_value": 11877.75
  },
  "timestamp": "2025-07-15T07:23:38Z"
}
