{
  "tbtc_price_usd": 105573,
  "nummus_price_usd": 0.115435,
  "total_tbtc_balance": 0.06431791,
  "total_usd_value": 6790.23,
  "wallet_1": {
    "tbtc_balance": 0.00402366,
    "tbtc_usd_value": 424.79
  },
  "wallet_2": {
    "tbtc_balance": 0.06029425,
    "tbtc_usd_value": 6365.44
  },
  "timestamp": "2025-07-01T15:23:06Z"
}
