{
  "tbtc_price_usd": 117325,
  "nummus_price_usd": 0.105149,
  "total_tbtc_balance": 0.15738285,
  "total_usd_value": 18464.94,
  "wallet_1": {
    "tbtc_balance": 0.00796879,
    "tbtc_usd_value": 934.94
  },
  "wallet_2": {
    "tbtc_balance": 0.14941406,
    "tbtc_usd_value": 17530.00
  },
  "timestamp": "2025-07-25T23:22:13Z"
}
