{
  "tbtc_price_usd": 107158,
  "nummus_price_usd": 0.115332,
  "total_tbtc_balance": 0.07315067,
  "total_usd_value": 7838.68,
  "wallet_1": {
    "tbtc_balance": 0.00270447,
    "tbtc_usd_value": 289.81
  },
  "wallet_2": {
    "tbtc_balance": 0.07044620,
    "tbtc_usd_value": 7548.87
  },
  "timestamp": "2025-07-04T16:26:24Z"
}
