{
  "tbtc_price_usd": 119841,
  "nummus_price_usd": 0.108896,
  "total_tbtc_balance": 0.14850586,
  "total_usd_value": 17797.09,
  "wallet_1": {
    "tbtc_balance": 0.01185848,
    "tbtc_usd_value": 1421.13
  },
  "wallet_2": {
    "tbtc_balance": 0.13664738,
    "tbtc_usd_value": 16375.96
  },
  "timestamp": "2025-07-22T23:22:50Z"
}
