{
  "tbtc_price_usd": 118392,
  "nummus_price_usd": 0.115604,
  "total_tbtc_balance": 0.15079556,
  "total_usd_value": 17852.99,
  "wallet_1": {
    "tbtc_balance": 0.00138150,
    "tbtc_usd_value": 163.56
  },
  "wallet_2": {
    "tbtc_balance": 0.14941406,
    "tbtc_usd_value": 17689.43
  },
  "timestamp": "2025-07-23T22:22:12Z"
}
