{
  "tbtc_price_usd": 108633,
  "nummus_price_usd": 0.118308,
  "total_tbtc_balance": 0.07261854,
  "total_usd_value": 7888.77,
  "wallet_1": {
    "tbtc_balance": 0.00217234,
    "tbtc_usd_value": 235.99
  },
  "wallet_2": {
    "tbtc_balance": 0.07044620,
    "tbtc_usd_value": 7652.78
  },
  "timestamp": "2025-07-04T12:42:21Z"
}
