{
  "tbtc_price_usd": 117606,
  "nummus_price_usd": 0.106717,
  "total_tbtc_balance": 0.12711046,
  "total_usd_value": 14948.95,
  "wallet_1": {
    "tbtc_balance": 0.00102546,
    "tbtc_usd_value": 120.60
  },
  "wallet_2": {
    "tbtc_balance": 0.12608500,
    "tbtc_usd_value": 14828.35
  },
  "timestamp": "2025-07-18T16:28:59Z"
}
