{
  "tbtc_price_usd": 117654,
  "nummus_price_usd": 0.105753,
  "total_tbtc_balance": 0.15917135,
  "total_usd_value": 18727.14,
  "wallet_1": {
    "tbtc_balance": 0.00975729,
    "tbtc_usd_value": 1147.98
  },
  "wallet_2": {
    "tbtc_balance": 0.14941406,
    "tbtc_usd_value": 17579.16
  },
  "timestamp": "2025-07-26T06:32:40Z"
}
