{
  "tbtc_price_usd": 119307,
  "nummus_price_usd": 0.107096,
  "total_tbtc_balance": 0.11864574,
  "total_usd_value": 14155.27,
  "wallet_1": {
    "tbtc_balance": 0.00595381,
    "tbtc_usd_value": 710.33
  },
  "wallet_2": {
    "tbtc_balance": 0.11269193,
    "tbtc_usd_value": 13444.94
  },
  "timestamp": "2025-07-16T20:25:04Z"
}
