{
  "tbtc_price_usd": 111271,
  "nummus_price_usd": 0.100197,
  "total_tbtc_balance": 0.09126481,
  "total_usd_value": 10155.13,
  "wallet_1": {
    "tbtc_balance": 0.01048862,
    "tbtc_usd_value": 1167.08
  },
  "wallet_2": {
    "tbtc_balance": 0.08077619,
    "tbtc_usd_value": 8988.05
  },
  "timestamp": "2025-07-09T20:24:02Z"
}
