{
  "tbtc_price_usd": 117481,
  "nummus_price_usd": 0.113332,
  "total_tbtc_balance": 0.16059235,
  "total_usd_value": 18866.55,
  "wallet_1": {
    "tbtc_balance": 0.00095273,
    "tbtc_usd_value": 111.93
  },
  "wallet_2": {
    "tbtc_balance": 0.15963962,
    "tbtc_usd_value": 18754.62
  },
  "timestamp": "2025-07-26T15:22:17Z"
}
