{
  "tbtc_price_usd": 108786,
  "nummus_price_usd": 0.117509,
  "total_tbtc_balance": 0.07261854,
  "total_usd_value": 7899.88,
  "wallet_1": {
    "tbtc_balance": 0.00217234,
    "tbtc_usd_value": 236.32
  },
  "wallet_2": {
    "tbtc_balance": 0.07044620,
    "tbtc_usd_value": 7663.56
  },
  "timestamp": "2025-07-04T08:28:40Z"
}
