{
  "tbtc_price_usd": 105656,
  "nummus_price_usd": 0.115487,
  "total_tbtc_balance": 0.06485557,
  "total_usd_value": 6852.38,
  "wallet_1": {
    "tbtc_balance": 0.00456132,
    "tbtc_usd_value": 481.93
  },
  "wallet_2": {
    "tbtc_balance": 0.06029425,
    "tbtc_usd_value": 6370.45
  },
  "timestamp": "2025-07-01T22:04:15Z"
}
