{
  "tbtc_price_usd": 108450,
  "nummus_price_usd": 0.099804,
  "total_tbtc_balance": 0.08704418,
  "total_usd_value": 9439.94,
  "wallet_1": {
    "tbtc_balance": 0.00626799,
    "tbtc_usd_value": 679.76
  },
  "wallet_2": {
    "tbtc_balance": 0.08077619,
    "tbtc_usd_value": 8760.18
  },
  "timestamp": "2025-07-08T22:20:31Z"
}
