{
  "tbtc_price_usd": 107884,
  "nummus_price_usd": 0.10996,
  "total_tbtc_balance": 0.07468713,
  "total_usd_value": 8057.55,
  "wallet_1": {
    "tbtc_balance": 0.00424093,
    "tbtc_usd_value": 457.53
  },
  "wallet_2": {
    "tbtc_balance": 0.07044620,
    "tbtc_usd_value": 7600.02
  },
  "timestamp": "2025-07-05T04:27:41Z"
}
