{
  "tbtc_price_usd": 117643,
  "nummus_price_usd": 0.071941,
  "total_tbtc_balance": 0.10015384,
  "total_usd_value": 11782.40,
  "wallet_1": {
    "tbtc_balance": 0.00482053,
    "tbtc_usd_value": 567.10
  },
  "wallet_2": {
    "tbtc_balance": 0.09533331,
    "tbtc_usd_value": 11215.30
  },
  "timestamp": "2025-07-11T20:24:17Z"
}
