{
  "tbtc_price_usd": 117760,
  "nummus_price_usd": 0.108215,
  "total_tbtc_balance": 0.13238970,
  "total_usd_value": 15590.21,
  "wallet_1": {
    "tbtc_balance": 0.00630470,
    "tbtc_usd_value": 742.44
  },
  "wallet_2": {
    "tbtc_balance": 0.12608500,
    "tbtc_usd_value": 14847.77
  },
  "timestamp": "2025-07-19T16:26:02Z"
}
