{
  "tbtc_price_usd": 108657,
  "nummus_price_usd": 0.099305,
  "total_tbtc_balance": 0.08598171,
  "total_usd_value": 9342.52,
  "wallet_1": {
    "tbtc_balance": 0.00520552,
    "tbtc_usd_value": 565.62
  },
  "wallet_2": {
    "tbtc_balance": 0.08077619,
    "tbtc_usd_value": 8776.90
  },
  "timestamp": "2025-07-08T20:24:16Z"
}
