{
  "tbtc_price_usd": 118464,
  "nummus_price_usd": 0.109371,
  "total_tbtc_balance": 0.12295280,
  "total_usd_value": 14565.48,
  "wallet_1": {
    "tbtc_balance": 0.01026087,
    "tbtc_usd_value": 1215.54
  },
  "wallet_2": {
    "tbtc_balance": 0.11269193,
    "tbtc_usd_value": 13349.94
  },
  "timestamp": "2025-07-17T16:29:02Z"
}
