{
  "tbtc_price_usd": 108576,
  "nummus_price_usd": 0.095132,
  "total_tbtc_balance": 0.07767745,
  "total_usd_value": 8433.91,
  "wallet_1": {
    "tbtc_balance": 0.00723125,
    "tbtc_usd_value": 785.14
  },
  "wallet_2": {
    "tbtc_balance": 0.07044620,
    "tbtc_usd_value": 7648.77
  },
  "timestamp": "2025-07-06T18:27:54Z"
}
