{
  "tbtc_price_usd": 117230,
  "nummus_price_usd": 0.105602,
  "total_tbtc_balance": 0.11446280,
  "total_usd_value": 13418.47,
  "wallet_1": {
    "tbtc_balance": 0.00177087,
    "tbtc_usd_value": 207.60
  },
  "wallet_2": {
    "tbtc_balance": 0.11269193,
    "tbtc_usd_value": 13210.87
  },
  "timestamp": "2025-07-16T03:37:17Z"
}
