{
  "tbtc_price_usd": 121930,
  "nummus_price_usd": 0.08326,
  "total_tbtc_balance": 0.10804596,
  "total_usd_value": 13174.04,
  "wallet_1": {
    "tbtc_balance": 0.00645816,
    "tbtc_usd_value": 787.44
  },
  "wallet_2": {
    "tbtc_balance": 0.10158780,
    "tbtc_usd_value": 12386.60
  },
  "timestamp": "2025-07-14T09:29:18Z"
}
