{
  "tbtc_price_usd": 119067,
  "nummus_price_usd": 0.110872,
  "total_tbtc_balance": 0.11864574,
  "total_usd_value": 14126.79,
  "wallet_1": {
    "tbtc_balance": 0.00595381,
    "tbtc_usd_value": 708.90
  },
  "wallet_2": {
    "tbtc_balance": 0.11269193,
    "tbtc_usd_value": 13417.89
  },
  "timestamp": "2025-07-16T22:21:37Z"
}
