{
  "tbtc_price_usd": 108059,
  "nummus_price_usd": 0.093869,
  "total_tbtc_balance": 0.07684491,
  "total_usd_value": 8303.79,
  "wallet_1": {
    "tbtc_balance": 0.00639871,
    "tbtc_usd_value": 691.44
  },
  "wallet_2": {
    "tbtc_balance": 0.07044620,
    "tbtc_usd_value": 7612.35
  },
  "timestamp": "2025-07-06T06:29:50Z"
}
