{
  "tbtc_price_usd": 110761,
  "nummus_price_usd": 0.095015,
  "total_tbtc_balance": 0.09434770,
  "total_usd_value": 10450.04,
  "wallet_1": {
    "tbtc_balance": 0.01357151,
    "tbtc_usd_value": 1503.19
  },
  "wallet_2": {
    "tbtc_balance": 0.08077619,
    "tbtc_usd_value": 8946.85
  },
  "timestamp": "2025-07-10T13:36:02Z"
}
