{
  "tbtc_price_usd": 119496,
  "nummus_price_usd": 0.10537,
  "total_tbtc_balance": 0.14079270,
  "total_usd_value": 16824.17,
  "wallet_1": {
    "tbtc_balance": 0.00414532,
    "tbtc_usd_value": 495.35
  },
  "wallet_2": {
    "tbtc_balance": 0.13664738,
    "tbtc_usd_value": 16328.82
  },
  "timestamp": "2025-07-21T08:33:53Z"
}
