{
  "tbtc_price_usd": 108052,
  "nummus_price_usd": 0.08902,
  "total_tbtc_balance": 0.07725949,
  "total_usd_value": 8348.04,
  "wallet_1": {
    "tbtc_balance": 0.00681329,
    "tbtc_usd_value": 736.19
  },
  "wallet_2": {
    "tbtc_balance": 0.07044620,
    "tbtc_usd_value": 7611.85
  },
  "timestamp": "2025-07-06T11:17:48Z"
}
