{
  "tbtc_price_usd": 119084,
  "nummus_price_usd": 0.102299,
  "total_tbtc_balance": 0.14645745,
  "total_usd_value": 17440.74,
  "wallet_1": {
    "tbtc_balance": 0.00981007,
    "tbtc_usd_value": 1168.22
  },
  "wallet_2": {
    "tbtc_balance": 0.13664738,
    "tbtc_usd_value": 16272.52
  },
  "timestamp": "2025-07-22T12:48:39Z"
}
