{
  "tbtc_price_usd": 117722,
  "nummus_price_usd": 0.069261,
  "total_tbtc_balance": 0.09945715,
  "total_usd_value": 11708.30,
  "wallet_1": {
    "tbtc_balance": 0.00412384,
    "tbtc_usd_value": 485.47
  },
  "wallet_2": {
    "tbtc_balance": 0.09533331,
    "tbtc_usd_value": 11222.83
  },
  "timestamp": "2025-07-11T19:17:38Z"
}
