{
  "tbtc_price_usd": 117951,
  "nummus_price_usd": 0.087433,
  "total_tbtc_balance": 0.09796888,
  "total_usd_value": 11555.53,
  "wallet_1": {
    "tbtc_balance": 0.00263557,
    "tbtc_usd_value": 310.87
  },
  "wallet_2": {
    "tbtc_balance": 0.09533331,
    "tbtc_usd_value": 11244.66
  },
  "timestamp": "2025-07-11T06:32:41Z"
}
