{
  "tbtc_price_usd": 118372,
  "nummus_price_usd": 0.10612,
  "total_tbtc_balance": 0.13976383,
  "total_usd_value": 16544.12,
  "wallet_1": {
    "tbtc_balance": 0.00311645,
    "tbtc_usd_value": 368.90
  },
  "wallet_2": {
    "tbtc_balance": 0.13664738,
    "tbtc_usd_value": 16175.22
  },
  "timestamp": "2025-07-21T04:45:01Z"
}
