{
  "tbtc_price_usd": 116685,
  "nummus_price_usd": 0.071216,
  "total_tbtc_balance": 0.10015384,
  "total_usd_value": 11686.45,
  "wallet_1": {
    "tbtc_balance": 0.00482053,
    "tbtc_usd_value": 562.48
  },
  "wallet_2": {
    "tbtc_balance": 0.09533331,
    "tbtc_usd_value": 11123.97
  },
  "timestamp": "2025-07-11T21:20:39Z"
}
