{
  "tbtc_price_usd": 117688,
  "nummus_price_usd": 0.108595,
  "total_tbtc_balance": 0.14986620,
  "total_usd_value": 17637.45,
  "wallet_1": {
    "tbtc_balance": 0.00045214,
    "tbtc_usd_value": 53.21
  },
  "wallet_2": {
    "tbtc_balance": 0.14941406,
    "tbtc_usd_value": 17584.24
  },
  "timestamp": "2025-07-23T16:29:43Z"
}
