{
  "tbtc_price_usd": 118412,
  "nummus_price_usd": 0.128379,
  "total_tbtc_balance": 0.15238770,
  "total_usd_value": 18044.53,
  "wallet_1": {
    "tbtc_balance": 0.00297364,
    "tbtc_usd_value": 352.11
  },
  "wallet_2": {
    "tbtc_balance": 0.14941406,
    "tbtc_usd_value": 17692.42
  },
  "timestamp": "2025-07-24T16:28:10Z"
}
