{
  "tbtc_price_usd": 117347,
  "nummus_price_usd": 0.073243,
  "total_tbtc_balance": 0.10087492,
  "total_usd_value": 11837.37,
  "wallet_1": {
    "tbtc_balance": 0.00554161,
    "tbtc_usd_value": 650.29
  },
  "wallet_2": {
    "tbtc_balance": 0.09533331,
    "tbtc_usd_value": 11187.08
  },
  "timestamp": "2025-07-12T01:52:04Z"
}
