{
  "tbtc_price_usd": 116386,
  "nummus_price_usd": 0.093714,
  "total_tbtc_balance": 0.11349904,
  "total_usd_value": 13209.70,
  "wallet_1": {
    "tbtc_balance": 0.00080711,
    "tbtc_usd_value": 93.94
  },
  "wallet_2": {
    "tbtc_balance": 0.11269193,
    "tbtc_usd_value": 13115.76
  },
  "timestamp": "2025-07-15T20:25:39Z"
}
