{
  "tbtc_price_usd": 110792,
  "nummus_price_usd": 0.097285,
  "total_tbtc_balance": 0.09332218,
  "total_usd_value": 10339.36,
  "wallet_1": {
    "tbtc_balance": 0.01254599,
    "tbtc_usd_value": 1390.00
  },
  "wallet_2": {
    "tbtc_balance": 0.08077619,
    "tbtc_usd_value": 8949.36
  },
  "timestamp": "2025-07-10T05:24:20Z"
}
