{
  "tbtc_price_usd": 117920,
  "nummus_price_usd": 0.060369,
  "total_tbtc_balance": 0.10474311,
  "total_usd_value": 12351.30,
  "wallet_1": {
    "tbtc_balance": 0.00315531,
    "tbtc_usd_value": 372.07
  },
  "wallet_2": {
    "tbtc_balance": 0.10158780,
    "tbtc_usd_value": 11979.23
  },
  "timestamp": "2025-07-13T10:22:54Z"
}
