{
  "tbtc_price_usd": 106778,
  "nummus_price_usd": 0.124125,
  "total_tbtc_balance": 0.06321437,
  "total_usd_value": 6749.90,
  "wallet_1": {
    "tbtc_balance": 0.00292012,
    "tbtc_usd_value": 311.80
  },
  "wallet_2": {
    "tbtc_balance": 0.06029425,
    "tbtc_usd_value": 6438.10
  },
  "timestamp": "2025-07-01T08:29:37Z"
}
