{
  "tbtc_price_usd": 109395,
  "nummus_price_usd": 0.129871,
  "total_tbtc_balance": 0.06708625,
  "total_usd_value": 7338.90,
  "wallet_1": {
    "tbtc_balance": 0.00679200,
    "tbtc_usd_value": 743.01
  },
  "wallet_2": {
    "tbtc_balance": 0.06029425,
    "tbtc_usd_value": 6595.89
  },
  "timestamp": "2025-07-02T17:19:42Z"
}
