{
  "tbtc_price_usd": 116377,
  "nummus_price_usd": 0.101691,
  "total_tbtc_balance": 0.15694854,
  "total_usd_value": 18265.20,
  "wallet_1": {
    "tbtc_balance": 0.00753448,
    "tbtc_usd_value": 876.84
  },
  "wallet_2": {
    "tbtc_balance": 0.14941406,
    "tbtc_usd_value": 17388.36
  },
  "timestamp": "2025-07-25T19:19:11Z"
}
