{
  "tbtc_price_usd": 110847,
  "nummus_price_usd": 0.097196,
  "total_tbtc_balance": 0.09434770,
  "total_usd_value": 10458.16,
  "wallet_1": {
    "tbtc_balance": 0.01357151,
    "tbtc_usd_value": 1504.36
  },
  "wallet_2": {
    "tbtc_balance": 0.08077619,
    "tbtc_usd_value": 8953.80
  },
  "timestamp": "2025-07-10T10:24:02Z"
}
