{
  "tbtc_price_usd": 107909,
  "nummus_price_usd": 0.109512,
  "total_tbtc_balance": 0.07468713,
  "total_usd_value": 8059.41,
  "wallet_1": {
    "tbtc_balance": 0.00424093,
    "tbtc_usd_value": 457.63
  },
  "wallet_2": {
    "tbtc_balance": 0.07044620,
    "tbtc_usd_value": 7601.78
  },
  "timestamp": "2025-07-05T05:20:32Z"
}
