{
  "tbtc_price_usd": 116712,
  "nummus_price_usd": 0.099431,
  "total_tbtc_balance": 0.14451565,
  "total_usd_value": 16866.71,
  "wallet_1": {
    "tbtc_balance": 0.00786827,
    "tbtc_usd_value": 918.32
  },
  "wallet_2": {
    "tbtc_balance": 0.13664738,
    "tbtc_usd_value": 15948.39
  },
  "timestamp": "2025-07-22T03:39:12Z"
}
