{
  "tbtc_price_usd": 107944,
  "nummus_price_usd": 0.0944,
  "total_tbtc_balance": 0.07684491,
  "total_usd_value": 8294.94,
  "wallet_1": {
    "tbtc_balance": 0.00639871,
    "tbtc_usd_value": 690.70
  },
  "wallet_2": {
    "tbtc_balance": 0.07044620,
    "tbtc_usd_value": 7604.24
  },
  "timestamp": "2025-07-06T07:19:01Z"
}
