{
  "tbtc_price_usd": 105770,
  "nummus_price_usd": 0.119715,
  "total_tbtc_balance": 0.06540800,
  "total_usd_value": 6918.20,
  "wallet_1": {
    "tbtc_balance": 0.00511375,
    "tbtc_usd_value": 540.88
  },
  "wallet_2": {
    "tbtc_balance": 0.06029425,
    "tbtc_usd_value": 6377.32
  },
  "timestamp": "2025-07-02T03:19:40Z"
}
