{
  "tbtc_price_usd": 118573,
  "nummus_price_usd": 0.068184,
  "total_tbtc_balance": 0.10534530,
  "total_usd_value": 12491.11,
  "wallet_1": {
    "tbtc_balance": 0.00375750,
    "tbtc_usd_value": 445.54
  },
  "wallet_2": {
    "tbtc_balance": 0.10158780,
    "tbtc_usd_value": 12045.57
  },
  "timestamp": "2025-07-13T16:25:08Z"
}
