{
  "tbtc_price_usd": 117734,
  "nummus_price_usd": 0.10838,
  "total_tbtc_balance": 0.11972229,
  "total_usd_value": 14095.38,
  "wallet_1": {
    "tbtc_balance": 0.00703036,
    "tbtc_usd_value": 827.71
  },
  "wallet_2": {
    "tbtc_balance": 0.11269193,
    "tbtc_usd_value": 13267.67
  },
  "timestamp": "2025-07-17T01:52:49Z"
}
