{
  "tbtc_price_usd": 118083,
  "nummus_price_usd": 0.108857,
  "total_tbtc_balance": 0.14895649,
  "total_usd_value": 17589.23,
  "wallet_1": {
    "tbtc_balance": 0.01230911,
    "tbtc_usd_value": 1453.50
  },
  "wallet_2": {
    "tbtc_balance": 0.13664738,
    "tbtc_usd_value": 16135.73
  },
  "timestamp": "2025-07-23T06:35:50Z"
}
