{
  "tbtc_price_usd": 118277,
  "nummus_price_usd": 0.127835,
  "total_tbtc_balance": 0.15184363,
  "total_usd_value": 17959.61,
  "wallet_1": {
    "tbtc_balance": 0.00242957,
    "tbtc_usd_value": 287.36
  },
  "wallet_2": {
    "tbtc_balance": 0.14941406,
    "tbtc_usd_value": 17672.25
  },
  "timestamp": "2025-07-24T12:48:51Z"
}
