{
  "tbtc_price_usd": 119590,
  "nummus_price_usd": 0.106392,
  "total_tbtc_balance": 0.12402469,
  "total_usd_value": 14832.11,
  "wallet_1": {
    "tbtc_balance": 0.01133276,
    "tbtc_usd_value": 1355.28
  },
  "wallet_2": {
    "tbtc_balance": 0.11269193,
    "tbtc_usd_value": 13476.83
  },
  "timestamp": "2025-07-17T23:21:59Z"
}
