{
  "tbtc_price_usd": 111287,
  "nummus_price_usd": 0.098322,
  "total_tbtc_balance": 0.09229682,
  "total_usd_value": 10271.44,
  "wallet_1": {
    "tbtc_balance": 0.01152063,
    "tbtc_usd_value": 1282.10
  },
  "wallet_2": {
    "tbtc_balance": 0.08077619,
    "tbtc_usd_value": 8989.34
  },
  "timestamp": "2025-07-10T01:49:06Z"
}
