{
  "tbtc_price_usd": 117872,
  "nummus_price_usd": 0.090744,
  "total_tbtc_balance": 0.14264304,
  "total_usd_value": 16813.62,
  "wallet_1": {
    "tbtc_balance": 0.00599566,
    "tbtc_usd_value": 706.72
  },
  "wallet_2": {
    "tbtc_balance": 0.13664738,
    "tbtc_usd_value": 16106.90
  },
  "timestamp": "2025-07-21T17:21:49Z"
}
