{
  "tbtc_price_usd": 118297,
  "nummus_price_usd": 0.107066,
  "total_tbtc_balance": 0.13769393,
  "total_usd_value": 16288.78,
  "wallet_1": {
    "tbtc_balance": 0.00104655,
    "tbtc_usd_value": 123.80
  },
  "wallet_2": {
    "tbtc_balance": 0.13664738,
    "tbtc_usd_value": 16164.98
  },
  "timestamp": "2025-07-20T14:19:14Z"
}
