{
  "tbtc_price_usd": 119433,
  "nummus_price_usd": 0.108824,
  "total_tbtc_balance": 0.14850586,
  "total_usd_value": 17736.50,
  "wallet_1": {
    "tbtc_balance": 0.01185848,
    "tbtc_usd_value": 1416.29
  },
  "wallet_2": {
    "tbtc_balance": 0.13664738,
    "tbtc_usd_value": 16320.21
  },
  "timestamp": "2025-07-23T01:54:25Z"
}
