{
  "tbtc_price_usd": 116479,
  "nummus_price_usd": 0.147586,
  "total_tbtc_balance": 0.15527903,
  "total_usd_value": 18086.75,
  "wallet_1": {
    "tbtc_balance": 0.00586497,
    "tbtc_usd_value": 683.15
  },
  "wallet_2": {
    "tbtc_balance": 0.14941406,
    "tbtc_usd_value": 17403.60
  },
  "timestamp": "2025-07-25T13:37:20Z"
}
