{
  "tbtc_price_usd": 106898,
  "nummus_price_usd": 0.123364,
  "total_tbtc_balance": 0.06264414,
  "total_usd_value": 6696.53,
  "wallet_1": {
    "tbtc_balance": 0.00234989,
    "tbtc_usd_value": 251.20
  },
  "wallet_2": {
    "tbtc_balance": 0.06029425,
    "tbtc_usd_value": 6445.33
  },
  "timestamp": "2025-07-01T04:39:21Z"
}
