{
  "tbtc_price_usd": 118697,
  "nummus_price_usd": 0.062653,
  "total_tbtc_balance": 0.10534530,
  "total_usd_value": 12504.17,
  "wallet_1": {
    "tbtc_balance": 0.00375750,
    "tbtc_usd_value": 446.00
  },
  "wallet_2": {
    "tbtc_balance": 0.10158780,
    "tbtc_usd_value": 12058.17
  },
  "timestamp": "2025-07-13T14:18:52Z"
}
