{
  "tbtc_price_usd": 117353,
  "nummus_price_usd": 0.105637,
  "total_tbtc_balance": 0.15917135,
  "total_usd_value": 18679.24,
  "wallet_1": {
    "tbtc_balance": 0.00975729,
    "tbtc_usd_value": 1145.05
  },
  "wallet_2": {
    "tbtc_balance": 0.14941406,
    "tbtc_usd_value": 17534.19
  },
  "timestamp": "2025-07-26T07:21:30Z"
}
