{
  "tbtc_price_usd": 118085,
  "nummus_price_usd": 0.112091,
  "total_tbtc_balance": 0.16011356,
  "total_usd_value": 18907.01,
  "wallet_1": {
    "tbtc_balance": 0.00047394,
    "tbtc_usd_value": 55.97
  },
  "wallet_2": {
    "tbtc_balance": 0.15963962,
    "tbtc_usd_value": 18851.04
  },
  "timestamp": "2025-07-26T11:18:31Z"
}
