{
  "tbtc_price_usd": 117538,
  "nummus_price_usd": 0.069741,
  "total_tbtc_balance": 0.09945715,
  "total_usd_value": 11690.00,
  "wallet_1": {
    "tbtc_balance": 0.00412384,
    "tbtc_usd_value": 484.71
  },
  "wallet_2": {
    "tbtc_balance": 0.09533331,
    "tbtc_usd_value": 11205.29
  },
  "timestamp": "2025-07-11T15:23:39Z"
}
