{
  "tbtc_price_usd": 108081,
  "nummus_price_usd": 0.110756,
  "total_tbtc_balance": 0.07418693,
  "total_usd_value": 8018.20,
  "wallet_1": {
    "tbtc_balance": 0.00374073,
    "tbtc_usd_value": 404.30
  },
  "wallet_2": {
    "tbtc_balance": 0.07044620,
    "tbtc_usd_value": 7613.90
  },
  "timestamp": "2025-07-05T03:14:35Z"
}
