{
  "tbtc_price_usd": 117544,
  "nummus_price_usd": 0.073465,
  "total_tbtc_balance": 0.10087492,
  "total_usd_value": 11857.24,
  "wallet_1": {
    "tbtc_balance": 0.00554161,
    "tbtc_usd_value": 651.38
  },
  "wallet_2": {
    "tbtc_balance": 0.09533331,
    "tbtc_usd_value": 11205.86
  },
  "timestamp": "2025-07-12T03:26:24Z"
}
