{
  "tbtc_price_usd": 118559,
  "nummus_price_usd": 0.068699,
  "total_tbtc_balance": 0.10534530,
  "total_usd_value": 12489.64,
  "wallet_1": {
    "tbtc_balance": 0.00375750,
    "tbtc_usd_value": 445.49
  },
  "wallet_2": {
    "tbtc_balance": 0.10158780,
    "tbtc_usd_value": 12044.15
  },
  "timestamp": "2025-07-13T15:20:25Z"
}
