{
  "tbtc_price_usd": 117882,
  "nummus_price_usd": 0.107381,
  "total_tbtc_balance": 0.11972229,
  "total_usd_value": 14113.10,
  "wallet_1": {
    "tbtc_balance": 0.00703036,
    "tbtc_usd_value": 828.75
  },
  "wallet_2": {
    "tbtc_balance": 0.11269193,
    "tbtc_usd_value": 13284.35
  },
  "timestamp": "2025-07-17T03:37:11Z"
}
