{
  "tbtc_price_usd": 109055,
  "nummus_price_usd": 0.128415,
  "total_tbtc_balance": 0.06824391,
  "total_usd_value": 7442.34,
  "wallet_1": {
    "tbtc_balance": 0.00794966,
    "tbtc_usd_value": 866.95
  },
  "wallet_2": {
    "tbtc_balance": 0.06029425,
    "tbtc_usd_value": 6575.39
  },
  "timestamp": "2025-07-03T05:24:37Z"
}
