{
  "tbtc_price_usd": 118031,
  "nummus_price_usd": 0.121259,
  "total_tbtc_balance": 0.15133888,
  "total_usd_value": 17862.68,
  "wallet_1": {
    "tbtc_balance": 0.00192482,
    "tbtc_usd_value": 227.19
  },
  "wallet_2": {
    "tbtc_balance": 0.14941406,
    "tbtc_usd_value": 17635.49
  },
  "timestamp": "2025-07-24T06:35:33Z"
}
