{
  "tbtc_price_usd": 108772,
  "nummus_price_usd": 0.119472,
  "total_tbtc_balance": 0.07207982,
  "total_usd_value": 7840.26,
  "wallet_1": {
    "tbtc_balance": 0.00163362,
    "tbtc_usd_value": 177.69
  },
  "wallet_2": {
    "tbtc_balance": 0.07044620,
    "tbtc_usd_value": 7662.57
  },
  "timestamp": "2025-07-04T06:32:37Z"
}
