{
  "tbtc_price_usd": 118319,
  "nummus_price_usd": 0.114679,
  "total_tbtc_balance": 0.16106821,
  "total_usd_value": 19057.43,
  "wallet_1": {
    "tbtc_balance": 0.00142859,
    "tbtc_usd_value": 169.03
  },
  "wallet_2": {
    "tbtc_balance": 0.15963962,
    "tbtc_usd_value": 18888.40
  },
  "timestamp": "2025-07-26T18:30:49Z"
}
