{
  "tbtc_price_usd": 118116,
  "nummus_price_usd": 0.108772,
  "total_tbtc_balance": 0.13664738,
  "total_usd_value": 16140.25,
  "wallet_1": {
    "tbtc_balance": 0.01056238,
    "tbtc_usd_value": 1247.59
  },
  "wallet_2": {
    "tbtc_balance": 0.12608500,
    "tbtc_usd_value": 14892.66
  },
  "timestamp": "2025-07-20T09:21:44Z"
}
