{
  "tbtc_price_usd": 117933,
  "nummus_price_usd": 0.070675,
  "total_tbtc_balance": 0.10227868,
  "total_usd_value": 12062.03,
  "wallet_1": {
    "tbtc_balance": 0.00069088,
    "tbtc_usd_value": 81.48
  },
  "wallet_2": {
    "tbtc_balance": 0.10158780,
    "tbtc_usd_value": 11980.55
  },
  "timestamp": "2025-07-12T11:18:05Z"
}
