{
  "tbtc_price_usd": 119814,
  "nummus_price_usd": 0.068257,
  "total_tbtc_balance": 0.10730367,
  "total_usd_value": 12856.48,
  "wallet_1": {
    "tbtc_balance": 0.00571587,
    "tbtc_usd_value": 684.84
  },
  "wallet_2": {
    "tbtc_balance": 0.10158780,
    "tbtc_usd_value": 12171.64
  },
  "timestamp": "2025-07-14T03:42:21Z"
}
