{
  "tbtc_price_usd": 107567,
  "nummus_price_usd": 0.098388,
  "total_tbtc_balance": 0.08237430,
  "total_usd_value": 8860.75,
  "wallet_1": {
    "tbtc_balance": 0.00159811,
    "tbtc_usd_value": 171.90
  },
  "wallet_2": {
    "tbtc_balance": 0.08077619,
    "tbtc_usd_value": 8688.85
  },
  "timestamp": "2025-07-08T01:47:43Z"
}
