{
  "tbtc_price_usd": 117537,
  "nummus_price_usd": 0.108735,
  "total_tbtc_balance": 0.12815420,
  "total_usd_value": 15062.86,
  "wallet_1": {
    "tbtc_balance": 0.00206920,
    "tbtc_usd_value": 243.21
  },
  "wallet_2": {
    "tbtc_balance": 0.12608500,
    "tbtc_usd_value": 14819.65
  },
  "timestamp": "2025-07-18T17:21:46Z"
}
