{
  "tbtc_price_usd": 117402,
  "nummus_price_usd": 0.062967,
  "total_tbtc_balance": 0.10414479,
  "total_usd_value": 12226.81,
  "wallet_1": {
    "tbtc_balance": 0.00255699,
    "tbtc_usd_value": 300.20
  },
  "wallet_2": {
    "tbtc_balance": 0.10158780,
    "tbtc_usd_value": 11926.61
  },
  "timestamp": "2025-07-13T02:00:11Z"
}
