{
  "tbtc_price_usd": 118014,
  "nummus_price_usd": 0.111233,
  "total_tbtc_balance": 0.11550644,
  "total_usd_value": 13631.38,
  "wallet_1": {
    "tbtc_balance": 0.00281451,
    "tbtc_usd_value": 332.15
  },
  "wallet_2": {
    "tbtc_balance": 0.11269193,
    "tbtc_usd_value": 13299.23
  },
  "timestamp": "2025-07-16T08:31:08Z"
}
