{
  "tbtc_price_usd": 114218,
  "nummus_price_usd": 0.087117,
  "total_tbtc_balance": 0.09622738,
  "total_usd_value": 10990.90,
  "wallet_1": {
    "tbtc_balance": 0.00089407,
    "tbtc_usd_value": 102.12
  },
  "wallet_2": {
    "tbtc_balance": 0.09533331,
    "tbtc_usd_value": 10888.78
  },
  "timestamp": "2025-07-10T21:22:04Z"
}
