{
  "tbtc_price_usd": 117165,
  "nummus_price_usd": 0.108125,
  "total_tbtc_balance": 0.15738285,
  "total_usd_value": 18439.76,
  "wallet_1": {
    "tbtc_balance": 0.00796879,
    "tbtc_usd_value": 933.66
  },
  "wallet_2": {
    "tbtc_balance": 0.14941406,
    "tbtc_usd_value": 17506.10
  },
  "timestamp": "2025-07-25T21:20:59Z"
}
