{
  "tbtc_price_usd": 118363,
  "nummus_price_usd": 0.120615,
  "total_tbtc_balance": 0.15184363,
  "total_usd_value": 17972.67,
  "wallet_1": {
    "tbtc_balance": 0.00242957,
    "tbtc_usd_value": 287.57
  },
  "wallet_2": {
    "tbtc_balance": 0.14941406,
    "tbtc_usd_value": 17685.10
  },
  "timestamp": "2025-07-24T08:32:09Z"
}
