{
  "tbtc_price_usd": 115452,
  "nummus_price_usd": 0.141472,
  "total_tbtc_balance": 0.15651367,
  "total_usd_value": 18069.81,
  "wallet_1": {
    "tbtc_balance": 0.00709961,
    "tbtc_usd_value": 819.66
  },
  "wallet_2": {
    "tbtc_balance": 0.14941406,
    "tbtc_usd_value": 17250.15
  },
  "timestamp": "2025-07-25T15:25:00Z"
}
