{
  "tbtc_price_usd": 119847,
  "nummus_price_usd": 0.080733,
  "total_tbtc_balance": 0.10957845,
  "total_usd_value": 13132.65,
  "wallet_1": {
    "tbtc_balance": 0.00799065,
    "tbtc_usd_value": 957.66
  },
  "wallet_2": {
    "tbtc_balance": 0.10158780,
    "tbtc_usd_value": 12174.99
  },
  "timestamp": "2025-07-14T22:21:22Z"
}
