{
  "tbtc_price_usd": 117398,
  "nummus_price_usd": 0.063129,
  "total_tbtc_balance": 0.10289599,
  "total_usd_value": 12079.78,
  "wallet_1": {
    "tbtc_balance": 0.00130819,
    "tbtc_usd_value": 153.58
  },
  "wallet_2": {
    "tbtc_balance": 0.10158780,
    "tbtc_usd_value": 11926.20
  },
  "timestamp": "2025-07-12T19:16:33Z"
}
