{
  "tbtc_price_usd": 108335,
  "nummus_price_usd": 0.099331,
  "total_tbtc_balance": 0.08810060,
  "total_usd_value": 9544.38,
  "wallet_1": {
    "tbtc_balance": 0.00732441,
    "tbtc_usd_value": 793.49
  },
  "wallet_2": {
    "tbtc_balance": 0.08077619,
    "tbtc_usd_value": 8750.89
  },
  "timestamp": "2025-07-09T03:23:11Z"
}
