{
  "tbtc_price_usd": 116368,
  "nummus_price_usd": 0.080447,
  "total_tbtc_balance": 0.11269193,
  "total_usd_value": 13113.74,
  "wallet_1": {
    "tbtc_balance": 0.01110413,
    "tbtc_usd_value": 1292.17
  },
  "wallet_2": {
    "tbtc_balance": 0.10158780,
    "tbtc_usd_value": 11821.57
  },
  "timestamp": "2025-07-15T16:28:51Z"
}
