{
  "tbtc_price_usd": 117721,
  "nummus_price_usd": 0.124529,
  "total_tbtc_balance": 0.15133888,
  "total_usd_value": 17815.76,
  "wallet_1": {
    "tbtc_balance": 0.00192482,
    "tbtc_usd_value": 226.59
  },
  "wallet_2": {
    "tbtc_balance": 0.14941406,
    "tbtc_usd_value": 17589.17
  },
  "timestamp": "2025-07-24T04:40:59Z"
}
