{
  "tbtc_price_usd": 108597,
  "nummus_price_usd": 0.091607,
  "total_tbtc_balance": 0.07892422,
  "total_usd_value": 8570.94,
  "wallet_1": {
    "tbtc_balance": 0.00847802,
    "tbtc_usd_value": 920.69
  },
  "wallet_2": {
    "tbtc_balance": 0.07044620,
    "tbtc_usd_value": 7650.25
  },
  "timestamp": "2025-07-07T08:31:02Z"
}
