{
  "tbtc_price_usd": 108218,
  "nummus_price_usd": 0.117611,
  "total_tbtc_balance": 0.07315067,
  "total_usd_value": 7916.22,
  "wallet_1": {
    "tbtc_balance": 0.00270447,
    "tbtc_usd_value": 292.67
  },
  "wallet_2": {
    "tbtc_balance": 0.07044620,
    "tbtc_usd_value": 7623.55
  },
  "timestamp": "2025-07-04T13:32:03Z"
}
