{
  "tbtc_price_usd": 108552,
  "nummus_price_usd": 0.126738,
  "total_tbtc_balance": 0.06939657,
  "total_usd_value": 7533.14,
  "wallet_1": {
    "tbtc_balance": 0.00910232,
    "tbtc_usd_value": 988.08
  },
  "wallet_2": {
    "tbtc_balance": 0.06029425,
    "tbtc_usd_value": 6545.06
  },
  "timestamp": "2025-07-03T12:42:01Z"
}
