{
  "tbtc_price_usd": 107846,
  "nummus_price_usd": 0.110805,
  "total_tbtc_balance": 0.07418693,
  "total_usd_value": 8000.76,
  "wallet_1": {
    "tbtc_balance": 0.00374073,
    "tbtc_usd_value": 403.42
  },
  "wallet_2": {
    "tbtc_balance": 0.07044620,
    "tbtc_usd_value": 7597.34
  },
  "timestamp": "2025-07-05T01:42:50Z"
}
