{
  "tbtc_price_usd": 107404,
  "nummus_price_usd": 0.121664,
  "total_tbtc_balance": 0.06596232,
  "total_usd_value": 7084.61,
  "wallet_1": {
    "tbtc_balance": 0.00566807,
    "tbtc_usd_value": 608.77
  },
  "wallet_2": {
    "tbtc_balance": 0.06029425,
    "tbtc_usd_value": 6475.84
  },
  "timestamp": "2025-07-02T08:29:31Z"
}
