{
  "tbtc_price_usd": 108775,
  "nummus_price_usd": 0.127959,
  "total_tbtc_balance": 0.06882436,
  "total_usd_value": 7486.37,
  "wallet_1": {
    "tbtc_balance": 0.00853011,
    "tbtc_usd_value": 927.86
  },
  "wallet_2": {
    "tbtc_balance": 0.06029425,
    "tbtc_usd_value": 6558.51
  },
  "timestamp": "2025-07-03T07:20:52Z"
}
