{
  "tbtc_price_usd": 119961,
  "nummus_price_usd": 0.10815,
  "total_tbtc_balance": 0.12506449,
  "total_usd_value": 15002.86,
  "wallet_1": {
    "tbtc_balance": 0.01237256,
    "tbtc_usd_value": 1484.22
  },
  "wallet_2": {
    "tbtc_balance": 0.11269193,
    "tbtc_usd_value": 13518.64
  },
  "timestamp": "2025-07-18T03:39:27Z"
}
