{
  "tbtc_price_usd": 109295,
  "nummus_price_usd": 0.091402,
  "total_tbtc_balance": 0.07851952,
  "total_usd_value": 8581.79,
  "wallet_1": {
    "tbtc_balance": 0.00807332,
    "tbtc_usd_value": 882.37
  },
  "wallet_2": {
    "tbtc_balance": 0.07044620,
    "tbtc_usd_value": 7699.42
  },
  "timestamp": "2025-07-07T04:35:26Z"
}
