{
  "tbtc_price_usd": 111059,
  "nummus_price_usd": 0.096218,
  "total_tbtc_balance": 0.09332218,
  "total_usd_value": 10364.27,
  "wallet_1": {
    "tbtc_balance": 0.01254599,
    "tbtc_usd_value": 1393.35
  },
  "wallet_2": {
    "tbtc_balance": 0.08077619,
    "tbtc_usd_value": 8970.92
  },
  "timestamp": "2025-07-10T06:33:12Z"
}
