{
  "tbtc_price_usd": 108395,
  "nummus_price_usd": 0.094402,
  "total_tbtc_balance": 0.07767745,
  "total_usd_value": 8419.85,
  "wallet_1": {
    "tbtc_balance": 0.00723125,
    "tbtc_usd_value": 783.83
  },
  "wallet_2": {
    "tbtc_balance": 0.07044620,
    "tbtc_usd_value": 7636.02
  },
  "timestamp": "2025-07-06T19:16:48Z"
}
