{
  "tbtc_price_usd": 120266,
  "nummus_price_usd": 0.078338,
  "total_tbtc_balance": 0.10883368,
  "total_usd_value": 13088.99,
  "wallet_1": {
    "tbtc_balance": 0.00724588,
    "tbtc_usd_value": 871.43
  },
  "wallet_2": {
    "tbtc_balance": 0.10158780,
    "tbtc_usd_value": 12217.56
  },
  "timestamp": "2025-07-14T17:20:48Z"
}
