{
  "tbtc_price_usd": 108043,
  "nummus_price_usd": 0.10097,
  "total_tbtc_balance": 0.07468713,
  "total_usd_value": 8069.42,
  "wallet_1": {
    "tbtc_balance": 0.00424093,
    "tbtc_usd_value": 458.20
  },
  "wallet_2": {
    "tbtc_balance": 0.07044620,
    "tbtc_usd_value": 7611.22
  },
  "timestamp": "2025-07-05T08:26:18Z"
}
