{
  "tbtc_price_usd": 107958,
  "nummus_price_usd": 0.08916,
  "total_tbtc_balance": 0.07725949,
  "total_usd_value": 8340.78,
  "wallet_1": {
    "tbtc_balance": 0.00681329,
    "tbtc_usd_value": 735.55
  },
  "wallet_2": {
    "tbtc_balance": 0.07044620,
    "tbtc_usd_value": 7605.23
  },
  "timestamp": "2025-07-06T12:39:53Z"
}
