{
  "tbtc_price_usd": 118151,
  "nummus_price_usd": 0.107029,
  "total_tbtc_balance": 0.14986620,
  "total_usd_value": 17706.84,
  "wallet_1": {
    "tbtc_balance": 0.00045214,
    "tbtc_usd_value": 53.42
  },
  "wallet_2": {
    "tbtc_balance": 0.14941406,
    "tbtc_usd_value": 17653.42
  },
  "timestamp": "2025-07-23T13:40:33Z"
}
