{
  "tbtc_price_usd": 109647,
  "nummus_price_usd": 0.128446,
  "total_tbtc_balance": 0.06882436,
  "total_usd_value": 7546.38,
  "wallet_1": {
    "tbtc_balance": 0.00853011,
    "tbtc_usd_value": 935.30
  },
  "wallet_2": {
    "tbtc_balance": 0.06029425,
    "tbtc_usd_value": 6611.08
  },
  "timestamp": "2025-07-03T09:24:04Z"
}
