{
  "tbtc_price_usd": 105871,
  "nummus_price_usd": 0.115764,
  "total_tbtc_balance": 0.06485557,
  "total_usd_value": 6866.32,
  "wallet_1": {
    "tbtc_balance": 0.00456132,
    "tbtc_usd_value": 482.91
  },
  "wallet_2": {
    "tbtc_balance": 0.06029425,
    "tbtc_usd_value": 6383.41
  },
  "timestamp": "2025-07-01T22:20:04Z"
}
