{
  "tbtc_price_usd": 108377,
  "nummus_price_usd": 0.083458,
  "total_tbtc_balance": 0.07985040,
  "total_usd_value": 8653.95,
  "wallet_1": {
    "tbtc_balance": 0.00940420,
    "tbtc_usd_value": 1019.20
  },
  "wallet_2": {
    "tbtc_balance": 0.07044620,
    "tbtc_usd_value": 7634.75
  },
  "timestamp": "2025-07-07T12:43:40Z"
}
