{
  "tbtc_price_usd": 116809,
  "nummus_price_usd": 0.095478,
  "total_tbtc_balance": 0.14355720,
  "total_usd_value": 16768.77,
  "wallet_1": {
    "tbtc_balance": 0.00690982,
    "tbtc_usd_value": 807.13
  },
  "wallet_2": {
    "tbtc_balance": 0.13664738,
    "tbtc_usd_value": 15961.64
  },
  "timestamp": "2025-07-21T21:22:23Z"
}
