{
  "tbtc_price_usd": 115267,
  "nummus_price_usd": 0.135661,
  "total_tbtc_balance": 0.15409050,
  "total_usd_value": 17761.55,
  "wallet_1": {
    "tbtc_balance": 0.00467644,
    "tbtc_usd_value": 539.04
  },
  "wallet_2": {
    "tbtc_balance": 0.14941406,
    "tbtc_usd_value": 17222.51
  },
  "timestamp": "2025-07-25T04:40:29Z"
}
