{
  "tbtc_price_usd": 117093,
  "nummus_price_usd": 0.092429,
  "total_tbtc_balance": 0.14264304,
  "total_usd_value": 16702.50,
  "wallet_1": {
    "tbtc_balance": 0.00599566,
    "tbtc_usd_value": 702.05
  },
  "wallet_2": {
    "tbtc_balance": 0.13664738,
    "tbtc_usd_value": 16000.45
  },
  "timestamp": "2025-07-21T19:20:04Z"
}
