{
  "tbtc_price_usd": 119736,
  "nummus_price_usd": 0.108754,
  "total_tbtc_balance": 0.14747076,
  "total_usd_value": 17657.56,
  "wallet_1": {
    "tbtc_balance": 0.01082338,
    "tbtc_usd_value": 1295.95
  },
  "wallet_2": {
    "tbtc_balance": 0.13664738,
    "tbtc_usd_value": 16361.61
  },
  "timestamp": "2025-07-22T19:18:59Z"
}
