{
  "tbtc_price_usd": 117129,
  "nummus_price_usd": 0.104031,
  "total_tbtc_balance": 0.13873536,
  "total_usd_value": 16249.93,
  "wallet_1": {
    "tbtc_balance": 0.00208798,
    "tbtc_usd_value": 244.56
  },
  "wallet_2": {
    "tbtc_balance": 0.13664738,
    "tbtc_usd_value": 16005.37
  },
  "timestamp": "2025-07-20T22:20:52Z"
}
