{
  "tbtc_price_usd": 108459,
  "nummus_price_usd": 0.074088,
  "total_tbtc_balance": 0.07985040,
  "total_usd_value": 8660.49,
  "wallet_1": {
    "tbtc_balance": 0.00940420,
    "tbtc_usd_value": 1019.97
  },
  "wallet_2": {
    "tbtc_balance": 0.07044620,
    "tbtc_usd_value": 7640.52
  },
  "timestamp": "2025-07-07T11:18:28Z"
}
