{
  "tbtc_price_usd": 118776,
  "nummus_price_usd": 0.109265,
  "total_tbtc_balance": 0.14895649,
  "total_usd_value": 17692.46,
  "wallet_1": {
    "tbtc_balance": 0.01230911,
    "tbtc_usd_value": 1462.03
  },
  "wallet_2": {
    "tbtc_balance": 0.13664738,
    "tbtc_usd_value": 16230.43
  },
  "timestamp": "2025-07-23T04:43:33Z"
}
