{
  "tbtc_price_usd": 106330,
  "nummus_price_usd": 0.120278,
  "total_tbtc_balance": 0.06540800,
  "total_usd_value": 6954.84,
  "wallet_1": {
    "tbtc_balance": 0.00511375,
    "tbtc_usd_value": 543.75
  },
  "wallet_2": {
    "tbtc_balance": 0.06029425,
    "tbtc_usd_value": 6411.09
  },
  "timestamp": "2025-07-02T05:23:59Z"
}
