{
  "tbtc_price_usd": 117756,
  "nummus_price_usd": 0.105347,
  "total_tbtc_balance": 0.13976383,
  "total_usd_value": 16458.03,
  "wallet_1": {
    "tbtc_balance": 0.00311645,
    "tbtc_usd_value": 366.98
  },
  "wallet_2": {
    "tbtc_balance": 0.13664738,
    "tbtc_usd_value": 16091.05
  },
  "timestamp": "2025-07-21T03:48:05Z"
}
