{
  "tbtc_price_usd": 108600,
  "nummus_price_usd": 0.089631,
  "total_tbtc_balance": 0.07892422,
  "total_usd_value": 8571.17,
  "wallet_1": {
    "tbtc_balance": 0.00847802,
    "tbtc_usd_value": 920.71
  },
  "wallet_2": {
    "tbtc_balance": 0.07044620,
    "tbtc_usd_value": 7650.46
  },
  "timestamp": "2025-07-07T07:22:26Z"
}
