{
  "tbtc_price_usd": 107801,
  "nummus_price_usd": 0.099934,
  "total_tbtc_balance": 0.08388380,
  "total_usd_value": 9042.75,
  "wallet_1": {
    "tbtc_balance": 0.00310761,
    "tbtc_usd_value": 335.00
  },
  "wallet_2": {
    "tbtc_balance": 0.08077619,
    "tbtc_usd_value": 8707.75
  },
  "timestamp": "2025-07-08T07:21:28Z"
}
