{
  "tbtc_price_usd": 117168,
  "nummus_price_usd": 0.100093,
  "total_tbtc_balance": 0.14547107,
  "total_usd_value": 17044.55,
  "wallet_1": {
    "tbtc_balance": 0.00882369,
    "tbtc_usd_value": 1033.85
  },
  "wallet_2": {
    "tbtc_balance": 0.13664738,
    "tbtc_usd_value": 16010.70
  },
  "timestamp": "2025-07-22T06:35:05Z"
}
