{
  "tbtc_price_usd": 107840,
  "nummus_price_usd": 0.098454,
  "total_tbtc_balance": 0.07556340,
  "total_usd_value": 8148.76,
  "wallet_1": {
    "tbtc_balance": 0.00511720,
    "tbtc_usd_value": 551.84
  },
  "wallet_2": {
    "tbtc_balance": 0.07044620,
    "tbtc_usd_value": 7596.92
  },
  "timestamp": "2025-07-05T14:20:11Z"
}
