{
  "tbtc_price_usd": 117647,
  "nummus_price_usd": 0.062374,
  "total_tbtc_balance": 0.09877926,
  "total_usd_value": 11621.09,
  "wallet_1": {
    "tbtc_balance": 0.00344595,
    "tbtc_usd_value": 405.41
  },
  "wallet_2": {
    "tbtc_balance": 0.09533331,
    "tbtc_usd_value": 11215.68
  },
  "timestamp": "2025-07-11T14:21:21Z"
}
