{
  "tbtc_price_usd": 118223,
  "nummus_price_usd": 0.108238,
  "total_tbtc_balance": 0.13133303,
  "total_usd_value": 15526.59,
  "wallet_1": {
    "tbtc_balance": 0.00524803,
    "tbtc_usd_value": 620.44
  },
  "wallet_2": {
    "tbtc_balance": 0.12608500,
    "tbtc_usd_value": 14906.15
  },
  "timestamp": "2025-07-19T12:41:28Z"
}
