{
  "tbtc_price_usd": 118908,
  "nummus_price_usd": 0.107575,
  "total_tbtc_balance": 0.12711046,
  "total_usd_value": 15114.46,
  "wallet_1": {
    "tbtc_balance": 0.00102546,
    "tbtc_usd_value": 121.94
  },
  "wallet_2": {
    "tbtc_balance": 0.12608500,
    "tbtc_usd_value": 14992.52
  },
  "timestamp": "2025-07-18T13:37:48Z"
}
