{
  "tbtc_price_usd": 115469,
  "nummus_price_usd": 0.131824,
  "total_tbtc_balance": 0.15352164,
  "total_usd_value": 17726.99,
  "wallet_1": {
    "tbtc_balance": 0.00410758,
    "tbtc_usd_value": 474.30
  },
  "wallet_2": {
    "tbtc_balance": 0.14941406,
    "tbtc_usd_value": 17252.69
  },
  "timestamp": "2025-07-25T03:39:32Z"
}
