{
  "tbtc_price_usd": 109021,
  "nummus_price_usd": 0.091569,
  "total_tbtc_balance": 0.07810339,
  "total_usd_value": 8514.91,
  "wallet_1": {
    "tbtc_balance": 0.00765719,
    "tbtc_usd_value": 834.79
  },
  "wallet_2": {
    "tbtc_balance": 0.07044620,
    "tbtc_usd_value": 7680.12
  },
  "timestamp": "2025-07-06T21:19:27Z"
}
