{
  "tbtc_price_usd": 116597,
  "nummus_price_usd": 0.094888,
  "total_tbtc_balance": 0.11349904,
  "total_usd_value": 13233.65,
  "wallet_1": {
    "tbtc_balance": 0.00080711,
    "tbtc_usd_value": 94.11
  },
  "wallet_2": {
    "tbtc_balance": 0.11269193,
    "tbtc_usd_value": 13139.54
  },
  "timestamp": "2025-07-15T21:21:13Z"
}
