{
  "tbtc_price_usd": 118280,
  "nummus_price_usd": 0.094727,
  "total_tbtc_balance": 0.14181513,
  "total_usd_value": 16773.89,
  "wallet_1": {
    "tbtc_balance": 0.00516775,
    "tbtc_usd_value": 611.24
  },
  "wallet_2": {
    "tbtc_balance": 0.13664738,
    "tbtc_usd_value": 16162.65
  },
  "timestamp": "2025-07-21T13:39:59Z"
}
