{
  "tbtc_price_usd": 107506,
  "nummus_price_usd": 0.116692,
  "total_tbtc_balance": 0.07315067,
  "total_usd_value": 7864.14,
  "wallet_1": {
    "tbtc_balance": 0.00270447,
    "tbtc_usd_value": 290.75
  },
  "wallet_2": {
    "tbtc_balance": 0.07044620,
    "tbtc_usd_value": 7573.39
  },
  "timestamp": "2025-07-04T15:21:37Z"
}
