{
  "tbtc_price_usd": 117553,
  "nummus_price_usd": 0.063067,
  "total_tbtc_balance": 0.10414479,
  "total_usd_value": 12242.53,
  "wallet_1": {
    "tbtc_balance": 0.00255699,
    "tbtc_usd_value": 300.58
  },
  "wallet_2": {
    "tbtc_balance": 0.10158780,
    "tbtc_usd_value": 11941.95
  },
  "timestamp": "2025-07-13T04:38:11Z"
}
