{
  "tbtc_price_usd": 109486,
  "nummus_price_usd": 0.09967,
  "total_tbtc_balance": 0.09126481,
  "total_usd_value": 9992.22,
  "wallet_1": {
    "tbtc_balance": 0.01048862,
    "tbtc_usd_value": 1148.36
  },
  "wallet_2": {
    "tbtc_balance": 0.08077619,
    "tbtc_usd_value": 8843.86
  },
  "timestamp": "2025-07-09T19:17:40Z"
}
