{
  "tbtc_price_usd": 117785,
  "nummus_price_usd": 0.105689,
  "total_tbtc_balance": 0.15827786,
  "total_usd_value": 18642.76,
  "wallet_1": {
    "tbtc_balance": 0.00886380,
    "tbtc_usd_value": 1044.02
  },
  "wallet_2": {
    "tbtc_balance": 0.14941406,
    "tbtc_usd_value": 17598.74
  },
  "timestamp": "2025-07-26T04:37:23Z"
}
