{
  "tbtc_price_usd": 105989,
  "nummus_price_usd": 0.120662,
  "total_tbtc_balance": 0.06540800,
  "total_usd_value": 6932.53,
  "wallet_1": {
    "tbtc_balance": 0.00511375,
    "tbtc_usd_value": 542.00
  },
  "wallet_2": {
    "tbtc_balance": 0.06029425,
    "tbtc_usd_value": 6390.53
  },
  "timestamp": "2025-07-02T04:31:04Z"
}
