{
  "tbtc_price_usd": 117680,
  "nummus_price_usd": 0.054264,
  "total_tbtc_balance": 0.10474311,
  "total_usd_value": 12326.17,
  "wallet_1": {
    "tbtc_balance": 0.00315531,
    "tbtc_usd_value": 371.32
  },
  "wallet_2": {
    "tbtc_balance": 0.10158780,
    "tbtc_usd_value": 11954.85
  },
  "timestamp": "2025-07-13T07:21:43Z"
}
