{
  "tbtc_price_usd": 107260,
  "nummus_price_usd": 0.128347,
  "total_tbtc_balance": 0.06206801,
  "total_usd_value": 6657.41,
  "wallet_1": {
    "tbtc_balance": 0.00177376,
    "tbtc_usd_value": 190.25
  },
  "wallet_2": {
    "tbtc_balance": 0.06029425,
    "tbtc_usd_value": 6467.16
  },
  "timestamp": "2025-06-30T21:11:54Z"
}
