{
  "tbtc_price_usd": 106570,
  "nummus_price_usd": 0.123678,
  "total_tbtc_balance": 0.06321437,
  "total_usd_value": 6736.76,
  "wallet_1": {
    "tbtc_balance": 0.00292012,
    "tbtc_usd_value": 311.20
  },
  "wallet_2": {
    "tbtc_balance": 0.06029425,
    "tbtc_usd_value": 6425.56
  },
  "timestamp": "2025-07-01T09:25:06Z"
}
