{
  "tbtc_price_usd": 117675,
  "nummus_price_usd": 0.108582,
  "total_tbtc_balance": 0.13558317,
  "total_usd_value": 15954.75,
  "wallet_1": {
    "tbtc_balance": 0.00949817,
    "tbtc_usd_value": 1117.70
  },
  "wallet_2": {
    "tbtc_balance": 0.12608500,
    "tbtc_usd_value": 14837.05
  },
  "timestamp": "2025-07-20T05:26:46Z"
}
