{
  "tbtc_price_usd": 117962,
  "nummus_price_usd": 0.107807,
  "total_tbtc_balance": 0.13133303,
  "total_usd_value": 15492.31,
  "wallet_1": {
    "tbtc_balance": 0.00524803,
    "tbtc_usd_value": 619.07
  },
  "wallet_2": {
    "tbtc_balance": 0.12608500,
    "tbtc_usd_value": 14873.24
  },
  "timestamp": "2025-07-19T09:21:34Z"
}
