{
  "tbtc_price_usd": 117623,
  "nummus_price_usd": 0.074777,
  "total_tbtc_balance": 0.09877926,
  "total_usd_value": 11618.71,
  "wallet_1": {
    "tbtc_balance": 0.00344595,
    "tbtc_usd_value": 405.32
  },
  "wallet_2": {
    "tbtc_balance": 0.09533331,
    "tbtc_usd_value": 11213.39
  },
  "timestamp": "2025-07-11T12:42:50Z"
}
