{
  "tbtc_price_usd": 107261,
  "total_tbtc_balance": 0.06206801,
  "total_usd_value": 6657.48,
  "wallet_1": {
    "tbtc_balance": 0.00177376,
    "tbtc_usd_value": 190.26
  },
  "wallet_2": {
    "tbtc_balance": 0.06029425,
    "tbtc_usd_value": 6467.22
  },
  "timestamp": "2025-06-30T19:32:21Z"
}
