{
  "tbtc_price_usd": 116737,
  "nummus_price_usd": 0.098453,
  "total_tbtc_balance": 0.14451565,
  "total_usd_value": 16870.33,
  "wallet_1": {
    "tbtc_balance": 0.00786827,
    "tbtc_usd_value": 918.52
  },
  "wallet_2": {
    "tbtc_balance": 0.13664738,
    "tbtc_usd_value": 15951.81
  },
  "timestamp": "2025-07-22T04:40:25Z"
}
