{
  "tbtc_price_usd": 108849,
  "nummus_price_usd": 0.091104,
  "total_tbtc_balance": 0.07851952,
  "total_usd_value": 8546.77,
  "wallet_1": {
    "tbtc_balance": 0.00807332,
    "tbtc_usd_value": 878.77
  },
  "wallet_2": {
    "tbtc_balance": 0.07044620,
    "tbtc_usd_value": 7668.00
  },
  "timestamp": "2025-07-07T01:52:27Z"
}
