{
  "tbtc_price_usd": 105969,
  "nummus_price_usd": 0.116662,
  "total_tbtc_balance": 0.06431791,
  "total_usd_value": 6815.70,
  "wallet_1": {
    "tbtc_balance": 0.00402366,
    "tbtc_usd_value": 426.38
  },
  "wallet_2": {
    "tbtc_balance": 0.06029425,
    "tbtc_usd_value": 6389.32
  },
  "timestamp": "2025-07-01T18:29:46Z"
}
