{
  "tbtc_price_usd": 116880,
  "nummus_price_usd": 0.096919,
  "total_tbtc_balance": 0.14355720,
  "total_usd_value": 16778.97,
  "wallet_1": {
    "tbtc_balance": 0.00690982,
    "tbtc_usd_value": 807.62
  },
  "wallet_2": {
    "tbtc_balance": 0.13664738,
    "tbtc_usd_value": 15971.35
  },
  "timestamp": "2025-07-21T22:22:32Z"
}
