{
  "tbtc_price_usd": 116610,
  "nummus_price_usd": 0.077655,
  "total_tbtc_balance": 0.11192239,
  "total_usd_value": 13051.27,
  "wallet_1": {
    "tbtc_balance": 0.01033459,
    "tbtc_usd_value": 1205.12
  },
  "wallet_2": {
    "tbtc_balance": 0.10158780,
    "tbtc_usd_value": 11846.15
  },
  "timestamp": "2025-07-15T10:24:04Z"
}
