{
  "tbtc_price_usd": 106934,
  "nummus_price_usd": 0.123846,
  "total_tbtc_balance": 0.06264414,
  "total_usd_value": 6698.79,
  "wallet_1": {
    "tbtc_balance": 0.00234989,
    "tbtc_usd_value": 251.28
  },
  "wallet_2": {
    "tbtc_balance": 0.06029425,
    "tbtc_usd_value": 6447.51
  },
  "timestamp": "2025-07-01T03:42:00Z"
}
