{
  "tbtc_price_usd": 118484,
  "nummus_price_usd": 0.109683,
  "total_tbtc_balance": 0.11864574,
  "total_usd_value": 14057.62,
  "wallet_1": {
    "tbtc_balance": 0.00595381,
    "tbtc_usd_value": 705.43
  },
  "wallet_2": {
    "tbtc_balance": 0.11269193,
    "tbtc_usd_value": 13352.19
  },
  "timestamp": "2025-07-16T23:21:29Z"
}
