{
  "tbtc_price_usd": 108886,
  "nummus_price_usd": 0.10295,
  "total_tbtc_balance": 0.08388380,
  "total_usd_value": 9133.78,
  "wallet_1": {
    "tbtc_balance": 0.00310761,
    "tbtc_usd_value": 338.38
  },
  "wallet_2": {
    "tbtc_balance": 0.08077619,
    "tbtc_usd_value": 8795.40
  },
  "timestamp": "2025-07-08T11:19:10Z"
}
