{
  "tbtc_price_usd": 109436,
  "nummus_price_usd": 0.10145,
  "total_tbtc_balance": 0.09126481,
  "total_usd_value": 9987.65,
  "wallet_1": {
    "tbtc_balance": 0.01048862,
    "tbtc_usd_value": 1147.83
  },
  "wallet_2": {
    "tbtc_balance": 0.08077619,
    "tbtc_usd_value": 8839.82
  },
  "timestamp": "2025-07-09T18:31:43Z"
}
