{
  "tbtc_price_usd": 117636,
  "nummus_price_usd": 0.106377,
  "total_tbtc_balance": 0.11550644,
  "total_usd_value": 13587.72,
  "wallet_1": {
    "tbtc_balance": 0.00281451,
    "tbtc_usd_value": 331.09
  },
  "wallet_2": {
    "tbtc_balance": 0.11269193,
    "tbtc_usd_value": 13256.63
  },
  "timestamp": "2025-07-16T06:34:12Z"
}
