{
  "tbtc_price_usd": 118967,
  "nummus_price_usd": 0.101877,
  "total_tbtc_balance": 0.14181513,
  "total_usd_value": 16871.32,
  "wallet_1": {
    "tbtc_balance": 0.00516775,
    "tbtc_usd_value": 614.79
  },
  "wallet_2": {
    "tbtc_balance": 0.13664738,
    "tbtc_usd_value": 16256.53
  },
  "timestamp": "2025-07-21T10:25:43Z"
}
