{
  "tbtc_price_usd": 105225,
  "nummus_price_usd": 0.117415,
  "total_tbtc_balance": 0.06485557,
  "total_usd_value": 6824.42,
  "wallet_1": {
    "tbtc_balance": 0.00456132,
    "tbtc_usd_value": 479.96
  },
  "wallet_2": {
    "tbtc_balance": 0.06029425,
    "tbtc_usd_value": 6344.46
  },
  "timestamp": "2025-07-01T23:19:49Z"
}
