{
  "tbtc_price_usd": 106117,
  "nummus_price_usd": 0.116855,
  "total_tbtc_balance": 0.06431791,
  "total_usd_value": 6825.22,
  "wallet_1": {
    "tbtc_balance": 0.00402366,
    "tbtc_usd_value": 426.98
  },
  "wallet_2": {
    "tbtc_balance": 0.06029425,
    "tbtc_usd_value": 6398.24
  },
  "timestamp": "2025-07-01T16:27:38Z"
}
