{
  "tbtc_price_usd": 117481,
  "nummus_price_usd": 0.099501,
  "total_tbtc_balance": 0.11349904,
  "total_usd_value": 13333.98,
  "wallet_1": {
    "tbtc_balance": 0.00080711,
    "tbtc_usd_value": 94.82
  },
  "wallet_2": {
    "tbtc_balance": 0.11269193,
    "tbtc_usd_value": 13239.16
  },
  "timestamp": "2025-07-15T23:20:24Z"
}
