{
  "tbtc_price_usd": 109129,
  "nummus_price_usd": 0.119942,
  "total_tbtc_balance": 0.07207982,
  "total_usd_value": 7866.00,
  "wallet_1": {
    "tbtc_balance": 0.00163362,
    "tbtc_usd_value": 178.28
  },
  "wallet_2": {
    "tbtc_balance": 0.07044620,
    "tbtc_usd_value": 7687.72
  },
  "timestamp": "2025-07-04T04:31:02Z"
}
