{
  "tbtc_price_usd": 106317,
  "nummus_price_usd": 0.116477,
  "total_tbtc_balance": 0.06378321,
  "total_usd_value": 6781.24,
  "wallet_1": {
    "tbtc_balance": 0.00348896,
    "tbtc_usd_value": 370.94
  },
  "wallet_2": {
    "tbtc_balance": 0.06029425,
    "tbtc_usd_value": 6410.30
  },
  "timestamp": "2025-07-01T12:43:35Z"
}
