{
  "tbtc_price_usd": 107522,
  "nummus_price_usd": 0.122701,
  "total_tbtc_balance": 0.06596232,
  "total_usd_value": 7092.40,
  "wallet_1": {
    "tbtc_balance": 0.00566807,
    "tbtc_usd_value": 609.44
  },
  "wallet_2": {
    "tbtc_balance": 0.06029425,
    "tbtc_usd_value": 6482.96
  },
  "timestamp": "2025-07-02T09:25:21Z"
}
