{
  "tbtc_price_usd": 118628,
  "nummus_price_usd": 0.106555,
  "total_tbtc_balance": 0.14747076,
  "total_usd_value": 17494.17,
  "wallet_1": {
    "tbtc_balance": 0.01082338,
    "tbtc_usd_value": 1283.96
  },
  "wallet_2": {
    "tbtc_balance": 0.13664738,
    "tbtc_usd_value": 16210.21
  },
  "timestamp": "2025-07-22T16:29:58Z"
}
