{
  "tbtc_price_usd": 105564,
  "nummus_price_usd": 0.115373,
  "total_tbtc_balance": 0.06431791,
  "total_usd_value": 6789.65,
  "wallet_1": {
    "tbtc_balance": 0.00402366,
    "tbtc_usd_value": 424.75
  },
  "wallet_2": {
    "tbtc_balance": 0.06029425,
    "tbtc_usd_value": 6364.90
  },
  "timestamp": "2025-07-01T19:16:43Z"
}
