{
  "tbtc_price_usd": 108902,
  "nummus_price_usd": 0.091598,
  "total_tbtc_balance": 0.07851952,
  "total_usd_value": 8550.93,
  "wallet_1": {
    "tbtc_balance": 0.00807332,
    "tbtc_usd_value": 879.20
  },
  "wallet_2": {
    "tbtc_balance": 0.07044620,
    "tbtc_usd_value": 7671.73
  },
  "timestamp": "2025-07-07T05:24:31Z"
}
