{
  "tbtc_price_usd": 118134,
  "nummus_price_usd": 0.061453,
  "total_tbtc_balance": 0.10534530,
  "total_usd_value": 12444.86,
  "wallet_1": {
    "tbtc_balance": 0.00375750,
    "tbtc_usd_value": 443.89
  },
  "wallet_2": {
    "tbtc_balance": 0.10158780,
    "tbtc_usd_value": 12000.97
  },
  "timestamp": "2025-07-13T13:30:20Z"
}
