{
  "tbtc_price_usd": 105843,
  "nummus_price_usd": 0.117342,
  "total_tbtc_balance": 0.06431791,
  "total_usd_value": 6807.60,
  "wallet_1": {
    "tbtc_balance": 0.00402366,
    "tbtc_usd_value": 425.88
  },
  "wallet_2": {
    "tbtc_balance": 0.06029425,
    "tbtc_usd_value": 6381.72
  },
  "timestamp": "2025-07-01T17:19:09Z"
}
