{
  "tbtc_price_usd": 108851,
  "nummus_price_usd": 0.099972,
  "total_tbtc_balance": 0.08810060,
  "total_usd_value": 9589.84,
  "wallet_1": {
    "tbtc_balance": 0.00732441,
    "tbtc_usd_value": 797.27
  },
  "wallet_2": {
    "tbtc_balance": 0.08077619,
    "tbtc_usd_value": 8792.57
  },
  "timestamp": "2025-07-09T07:21:55Z"
}
