{
  "tbtc_price_usd": 117215,
  "nummus_price_usd": 0.10525,
  "total_tbtc_balance": 0.15917135,
  "total_usd_value": 18657.27,
  "wallet_1": {
    "tbtc_balance": 0.00975729,
    "tbtc_usd_value": 1143.70
  },
  "wallet_2": {
    "tbtc_balance": 0.14941406,
    "tbtc_usd_value": 17513.57
  },
  "timestamp": "2025-07-26T05:24:44Z"
}
