{
  "tbtc_price_usd": 117850,
  "nummus_price_usd": 0.108464,
  "total_tbtc_balance": 0.13558317,
  "total_usd_value": 15978.48,
  "wallet_1": {
    "tbtc_balance": 0.00949817,
    "tbtc_usd_value": 1119.36
  },
  "wallet_2": {
    "tbtc_balance": 0.12608500,
    "tbtc_usd_value": 14859.12
  },
  "timestamp": "2025-07-20T04:05:29Z"
}
