{
  "tbtc_price_usd": 119721,
  "nummus_price_usd": 0.106971,
  "total_tbtc_balance": 0.12608500,
  "total_usd_value": 15095.02,
  "wallet_1": {
    "tbtc_balance": 0.01339307,
    "tbtc_usd_value": 1603.43
  },
  "wallet_2": {
    "tbtc_balance": 0.11269193,
    "tbtc_usd_value": 13491.59
  },
  "timestamp": "2025-07-18T07:24:03Z"
}
