{
  "tbtc_price_usd": 118071,
  "nummus_price_usd": 0.101232,
  "total_tbtc_balance": 0.14547107,
  "total_usd_value": 17175.91,
  "wallet_1": {
    "tbtc_balance": 0.00882369,
    "tbtc_usd_value": 1041.82
  },
  "wallet_2": {
    "tbtc_balance": 0.13664738,
    "tbtc_usd_value": 16134.09
  },
  "timestamp": "2025-07-22T07:25:32Z"
}
