{
  "tbtc_price_usd": 117670,
  "nummus_price_usd": 0.061428,
  "total_tbtc_balance": 0.10474311,
  "total_usd_value": 12325.13,
  "wallet_1": {
    "tbtc_balance": 0.00315531,
    "tbtc_usd_value": 371.29
  },
  "wallet_2": {
    "tbtc_balance": 0.10158780,
    "tbtc_usd_value": 11953.84
  },
  "timestamp": "2025-07-13T11:17:14Z"
}
