{
  "tbtc_price_usd": 118017,
  "nummus_price_usd": 0.109713,
  "total_tbtc_balance": 0.15032442,
  "total_usd_value": 17740.84,
  "wallet_1": {
    "tbtc_balance": 0.00091036,
    "tbtc_usd_value": 107.44
  },
  "wallet_2": {
    "tbtc_balance": 0.14941406,
    "tbtc_usd_value": 17633.40
  },
  "timestamp": "2025-07-23T20:26:49Z"
}
