{
  "tbtc_price_usd": 117205,
  "nummus_price_usd": 0.080208,
  "total_tbtc_balance": 0.11114941,
  "total_usd_value": 13027.27,
  "wallet_1": {
    "tbtc_balance": 0.00956161,
    "tbtc_usd_value": 1120.67
  },
  "wallet_2": {
    "tbtc_balance": 0.10158780,
    "tbtc_usd_value": 11906.60
  },
  "timestamp": "2025-07-15T04:40:12Z"
}
