{
  "tbtc_price_usd": 121708,
  "nummus_price_usd": 0.07863,
  "total_tbtc_balance": 0.10730367,
  "total_usd_value": 13059.72,
  "wallet_1": {
    "tbtc_balance": 0.00571587,
    "tbtc_usd_value": 695.67
  },
  "wallet_2": {
    "tbtc_balance": 0.10158780,
    "tbtc_usd_value": 12364.05
  },
  "timestamp": "2025-07-14T06:34:56Z"
}
