{
  "tbtc_price_usd": 109373,
  "nummus_price_usd": 0.122337,
  "total_tbtc_balance": 0.07100102,
  "total_usd_value": 7765.59,
  "wallet_1": {
    "tbtc_balance": 0.00055482,
    "tbtc_usd_value": 60.68
  },
  "wallet_2": {
    "tbtc_balance": 0.07044620,
    "tbtc_usd_value": 7704.91
  },
  "timestamp": "2025-07-03T17:23:44Z"
}
