{
  "tbtc_price_usd": 108907,
  "nummus_price_usd": 0.128219,
  "total_tbtc_balance": 0.06766675,
  "total_usd_value": 7369.39,
  "wallet_1": {
    "tbtc_balance": 0.00737250,
    "tbtc_usd_value": 802.92
  },
  "wallet_2": {
    "tbtc_balance": 0.06029425,
    "tbtc_usd_value": 6566.47
  },
  "timestamp": "2025-07-03T01:47:04Z"
}
