{
  "tbtc_price_usd": 110957,
  "nummus_price_usd": 0.090483,
  "total_tbtc_balance": 0.09533331,
  "total_usd_value": 10577.89,
  "wallet_1": {
    "tbtc_balance": 0.01455712,
    "tbtc_usd_value": 1615.21
  },
  "wallet_2": {
    "tbtc_balance": 0.08077619,
    "tbtc_usd_value": 8962.68
  },
  "timestamp": "2025-07-10T15:25:10Z"
}
