{
  "tbtc_price_usd": 122256,
  "nummus_price_usd": 0.082397,
  "total_tbtc_balance": 0.10804596,
  "total_usd_value": 13209.27,
  "wallet_1": {
    "tbtc_balance": 0.00645816,
    "tbtc_usd_value": 789.55
  },
  "wallet_2": {
    "tbtc_balance": 0.10158780,
    "tbtc_usd_value": 12419.72
  },
  "timestamp": "2025-07-14T08:32:45Z"
}
