{
  "tbtc_price_usd": 117709,
  "nummus_price_usd": 0.110065,
  "total_tbtc_balance": 0.15917135,
  "total_usd_value": 18735.90,
  "wallet_1": {
    "tbtc_balance": 0.00975729,
    "tbtc_usd_value": 1148.52
  },
  "wallet_2": {
    "tbtc_balance": 0.14941406,
    "tbtc_usd_value": 17587.38
  },
  "timestamp": "2025-07-26T09:23:06Z"
}
