{
  "tbtc_price_usd": 121666,
  "nummus_price_usd": 0.083075,
  "total_tbtc_balance": 0.10804596,
  "total_usd_value": 13145.52,
  "wallet_1": {
    "tbtc_balance": 0.00645816,
    "tbtc_usd_value": 785.74
  },
  "wallet_2": {
    "tbtc_balance": 0.10158780,
    "tbtc_usd_value": 12359.78
  },
  "timestamp": "2025-07-14T11:19:34Z"
}
