{
  "tbtc_price_usd": 107713,
  "nummus_price_usd": 0.121982,
  "total_tbtc_balance": 0.06652305,
  "total_usd_value": 7165.39,
  "wallet_1": {
    "tbtc_balance": 0.00622880,
    "tbtc_usd_value": 670.92
  },
  "wallet_2": {
    "tbtc_balance": 0.06029425,
    "tbtc_usd_value": 6494.47
  },
  "timestamp": "2025-07-02T14:21:15Z"
}
