{
  "tbtc_price_usd": 108294,
  "nummus_price_usd": 0.091405,
  "total_tbtc_balance": 0.07725949,
  "total_usd_value": 8366.74,
  "wallet_1": {
    "tbtc_balance": 0.00681329,
    "tbtc_usd_value": 737.84
  },
  "wallet_2": {
    "tbtc_balance": 0.07044620,
    "tbtc_usd_value": 7628.90
  },
  "timestamp": "2025-07-06T13:29:07Z"
}
