{
  "tbtc_price_usd": 117068,
  "nummus_price_usd": 0.095885,
  "total_tbtc_balance": 0.11349904,
  "total_usd_value": 13287.11,
  "wallet_1": {
    "tbtc_balance": 0.00080711,
    "tbtc_usd_value": 94.49
  },
  "wallet_2": {
    "tbtc_balance": 0.11269193,
    "tbtc_usd_value": 13192.62
  },
  "timestamp": "2025-07-15T22:22:02Z"
}
