{
  "tbtc_price_usd": 108126,
  "nummus_price_usd": 0.09468,
  "total_tbtc_balance": 0.08077619,
  "total_usd_value": 8734.01,
  "wallet_1": {
    "tbtc_balance": 0.01032999,
    "tbtc_usd_value": 1116.94
  },
  "wallet_2": {
    "tbtc_balance": 0.07044620,
    "tbtc_usd_value": 7617.07
  },
  "timestamp": "2025-07-07T16:27:57Z"
}
