{
  "tbtc_price_usd": 119370,
  "nummus_price_usd": 0.10851,
  "total_tbtc_balance": 0.14747076,
  "total_usd_value": 17603.59,
  "wallet_1": {
    "tbtc_balance": 0.01082338,
    "tbtc_usd_value": 1291.99
  },
  "wallet_2": {
    "tbtc_balance": 0.13664738,
    "tbtc_usd_value": 16311.60
  },
  "timestamp": "2025-07-22T20:26:30Z"
}
