{
  "tbtc_price_usd": 118021,
  "nummus_price_usd": 0.082797,
  "total_tbtc_balance": 0.09796888,
  "total_usd_value": 11562.38,
  "wallet_1": {
    "tbtc_balance": 0.00263557,
    "tbtc_usd_value": 311.05
  },
  "wallet_2": {
    "tbtc_balance": 0.09533331,
    "tbtc_usd_value": 11251.33
  },
  "timestamp": "2025-07-11T09:24:07Z"
}
