{
  "tbtc_price_usd": 118745,
  "nummus_price_usd": 0.110237,
  "total_tbtc_balance": 0.11653099,
  "total_usd_value": 13837.47,
  "wallet_1": {
    "tbtc_balance": 0.00383906,
    "tbtc_usd_value": 455.87
  },
  "wallet_2": {
    "tbtc_balance": 0.11269193,
    "tbtc_usd_value": 13381.60
  },
  "timestamp": "2025-07-16T12:47:25Z"
}
