{
  "tbtc_price_usd": 108403,
  "nummus_price_usd": 0.099231,
  "total_tbtc_balance": 0.08493421,
  "total_usd_value": 9207.12,
  "wallet_1": {
    "tbtc_balance": 0.00415802,
    "tbtc_usd_value": 450.74
  },
  "wallet_2": {
    "tbtc_balance": 0.08077619,
    "tbtc_usd_value": 8756.38
  },
  "timestamp": "2025-07-08T16:28:11Z"
}
