{
  "tbtc_price_usd": 118346,
  "nummus_price_usd": 0.108351,
  "total_tbtc_balance": 0.12711046,
  "total_usd_value": 15043.02,
  "wallet_1": {
    "tbtc_balance": 0.00102546,
    "tbtc_usd_value": 121.36
  },
  "wallet_2": {
    "tbtc_balance": 0.12608500,
    "tbtc_usd_value": 14921.66
  },
  "timestamp": "2025-07-18T14:21:30Z"
}
