{
  "tbtc_price_usd": 117970,
  "nummus_price_usd": 0.114167,
  "total_tbtc_balance": 0.16106821,
  "total_usd_value": 19001.22,
  "wallet_1": {
    "tbtc_balance": 0.00142859,
    "tbtc_usd_value": 168.53
  },
  "wallet_2": {
    "tbtc_balance": 0.15963962,
    "tbtc_usd_value": 18832.69
  },
  "timestamp": "2025-07-26T19:17:53Z"
}
