{
  "tbtc_price_usd": 108541,
  "nummus_price_usd": 0.117076,
  "total_tbtc_balance": 0.07261854,
  "total_usd_value": 7882.09,
  "wallet_1": {
    "tbtc_balance": 0.00217234,
    "tbtc_usd_value": 235.79
  },
  "wallet_2": {
    "tbtc_balance": 0.07044620,
    "tbtc_usd_value": 7646.30
  },
  "timestamp": "2025-07-04T09:23:11Z"
}
