{
  "tbtc_price_usd": 115028,
  "nummus_price_usd": 0.135993,
  "total_tbtc_balance": 0.15409050,
  "total_usd_value": 17724.72,
  "wallet_1": {
    "tbtc_balance": 0.00467644,
    "tbtc_usd_value": 537.92
  },
  "wallet_2": {
    "tbtc_balance": 0.14941406,
    "tbtc_usd_value": 17186.80
  },
  "timestamp": "2025-07-25T06:34:56Z"
}
