{
  "tbtc_price_usd": 118308,
  "nummus_price_usd": 0.089467,
  "total_tbtc_balance": 0.14264304,
  "total_usd_value": 16875.81,
  "wallet_1": {
    "tbtc_balance": 0.00599566,
    "tbtc_usd_value": 709.33
  },
  "wallet_2": {
    "tbtc_balance": 0.13664738,
    "tbtc_usd_value": 16166.48
  },
  "timestamp": "2025-07-21T15:24:31Z"
}
