{
  "tbtc_price_usd": 118187,
  "nummus_price_usd": 0.102167,
  "total_tbtc_balance": 0.14547107,
  "total_usd_value": 17192.79,
  "wallet_1": {
    "tbtc_balance": 0.00882369,
    "tbtc_usd_value": 1042.85
  },
  "wallet_2": {
    "tbtc_balance": 0.13664738,
    "tbtc_usd_value": 16149.94
  },
  "timestamp": "2025-07-22T10:25:52Z"
}
