{
  "tbtc_price_usd": 107681,
  "nummus_price_usd": 0.123391,
  "total_tbtc_balance": 0.06652305,
  "total_usd_value": 7163.27,
  "wallet_1": {
    "tbtc_balance": 0.00622880,
    "tbtc_usd_value": 670.72
  },
  "wallet_2": {
    "tbtc_balance": 0.06029425,
    "tbtc_usd_value": 6492.55
  },
  "timestamp": "2025-07-02T11:18:52Z"
}
