{
  "tbtc_price_usd": 117579,
  "nummus_price_usd": 0.078417,
  "total_tbtc_balance": 0.11192239,
  "total_usd_value": 13159.72,
  "wallet_1": {
    "tbtc_balance": 0.01033459,
    "tbtc_usd_value": 1215.13
  },
  "wallet_2": {
    "tbtc_balance": 0.10158780,
    "tbtc_usd_value": 11944.59
  },
  "timestamp": "2025-07-15T13:37:34Z"
}
