{
  "tbtc_price_usd": 108037,
  "nummus_price_usd": 0.095033,
  "total_tbtc_balance": 0.08177801,
  "total_usd_value": 8835.05,
  "wallet_1": {
    "tbtc_balance": 0.00100182,
    "tbtc_usd_value": 108.23
  },
  "wallet_2": {
    "tbtc_balance": 0.08077619,
    "tbtc_usd_value": 8726.82
  },
  "timestamp": "2025-07-07T22:20:39Z"
}
