{
  "tbtc_price_usd": 117544,
  "nummus_price_usd": 0.10835,
  "total_tbtc_balance": 0.12921997,
  "total_usd_value": 15189.04,
  "wallet_1": {
    "tbtc_balance": 0.00313497,
    "tbtc_usd_value": 368.50
  },
  "wallet_2": {
    "tbtc_balance": 0.12608500,
    "tbtc_usd_value": 14820.54
  },
  "timestamp": "2025-07-18T22:21:46Z"
}
