{
  "tbtc_price_usd": 117629,
  "nummus_price_usd": 0.103843,
  "total_tbtc_balance": 0.13873536,
  "total_usd_value": 16319.30,
  "wallet_1": {
    "tbtc_balance": 0.00208798,
    "tbtc_usd_value": 245.61
  },
  "wallet_2": {
    "tbtc_balance": 0.13664738,
    "tbtc_usd_value": 16073.69
  },
  "timestamp": "2025-07-20T21:20:12Z"
}
