{
  "tbtc_price_usd": 108482,
  "nummus_price_usd": 0.09934,
  "total_tbtc_balance": 0.09020817,
  "total_usd_value": 9785.96,
  "wallet_1": {
    "tbtc_balance": 0.00943198,
    "tbtc_usd_value": 1023.20
  },
  "wallet_2": {
    "tbtc_balance": 0.08077619,
    "tbtc_usd_value": 8762.76
  },
  "timestamp": "2025-07-09T15:24:14Z"
}
