{
  "tbtc_price_usd": 120348,
  "nummus_price_usd": 0.107439,
  "total_tbtc_balance": 0.12402469,
  "total_usd_value": 14926.13,
  "wallet_1": {
    "tbtc_balance": 0.01133276,
    "tbtc_usd_value": 1363.88
  },
  "wallet_2": {
    "tbtc_balance": 0.11269193,
    "tbtc_usd_value": 13562.25
  },
  "timestamp": "2025-07-17T22:21:42Z"
}
