{
  "tbtc_price_usd": 108540,
  "nummus_price_usd": 0.119315,
  "total_tbtc_balance": 0.07207982,
  "total_usd_value": 7823.54,
  "wallet_1": {
    "tbtc_balance": 0.00163362,
    "tbtc_usd_value": 177.31
  },
  "wallet_2": {
    "tbtc_balance": 0.07044620,
    "tbtc_usd_value": 7646.23
  },
  "timestamp": "2025-07-04T07:21:16Z"
}
