{
  "tbtc_price_usd": 117210,
  "nummus_price_usd": 0.062593,
  "total_tbtc_balance": 0.10289599,
  "total_usd_value": 12060.44,
  "wallet_1": {
    "tbtc_balance": 0.00130819,
    "tbtc_usd_value": 153.33
  },
  "wallet_2": {
    "tbtc_balance": 0.10158780,
    "tbtc_usd_value": 11907.11
  },
  "timestamp": "2025-07-12T17:17:56Z"
}
