{
  "tbtc_price_usd": 117869,
  "nummus_price_usd": 0.11806,
  "total_tbtc_balance": 0.15133888,
  "total_usd_value": 17838.17,
  "wallet_1": {
    "tbtc_balance": 0.00192482,
    "tbtc_usd_value": 226.88
  },
  "wallet_2": {
    "tbtc_balance": 0.14941406,
    "tbtc_usd_value": 17611.29
  },
  "timestamp": "2025-07-24T07:25:12Z"
}
