{
  "tbtc_price_usd": 109490,
  "nummus_price_usd": 0.121766,
  "total_tbtc_balance": 0.07100102,
  "total_usd_value": 7773.90,
  "wallet_1": {
    "tbtc_balance": 0.00055482,
    "tbtc_usd_value": 60.75
  },
  "wallet_2": {
    "tbtc_balance": 0.07044620,
    "tbtc_usd_value": 7713.15
  },
  "timestamp": "2025-07-03T19:16:44Z"
}
