{
  "tbtc_price_usd": 116023,
  "nummus_price_usd": 0.103227,
  "total_tbtc_balance": 0.15651367,
  "total_usd_value": 18159.19,
  "wallet_1": {
    "tbtc_balance": 0.00709961,
    "tbtc_usd_value": 823.72
  },
  "wallet_2": {
    "tbtc_balance": 0.14941406,
    "tbtc_usd_value": 17335.47
  },
  "timestamp": "2025-07-25T18:32:39Z"
}
