{
  "tbtc_price_usd": 113175,
  "nummus_price_usd": 0.086141,
  "total_tbtc_balance": 0.09622738,
  "total_usd_value": 10890.54,
  "wallet_1": {
    "tbtc_balance": 0.00089407,
    "tbtc_usd_value": 101.19
  },
  "wallet_2": {
    "tbtc_balance": 0.09533331,
    "tbtc_usd_value": 10789.35
  },
  "timestamp": "2025-07-10T20:24:16Z"
}
