{
  "tbtc_price_usd": 106897,
  "nummus_price_usd": 0.115206,
  "total_tbtc_balance": 0.06378321,
  "total_usd_value": 6818.23,
  "wallet_1": {
    "tbtc_balance": 0.00348896,
    "tbtc_usd_value": 372.96
  },
  "wallet_2": {
    "tbtc_balance": 0.06029425,
    "tbtc_usd_value": 6445.27
  },
  "timestamp": "2025-07-01T14:20:34Z"
}
