{
  "tbtc_price_usd": 119768,
  "nummus_price_usd": 0.078823,
  "total_tbtc_balance": 0.10957845,
  "total_usd_value": 13123.99,
  "wallet_1": {
    "tbtc_balance": 0.00799065,
    "tbtc_usd_value": 957.02
  },
  "wallet_2": {
    "tbtc_balance": 0.10158780,
    "tbtc_usd_value": 12166.97
  },
  "timestamp": "2025-07-14T21:21:17Z"
}
