{
  "tbtc_price_usd": 117938,
  "nummus_price_usd": 0.107682,
  "total_tbtc_balance": 0.13133303,
  "total_usd_value": 15489.15,
  "wallet_1": {
    "tbtc_balance": 0.00524803,
    "tbtc_usd_value": 618.94
  },
  "wallet_2": {
    "tbtc_balance": 0.12608500,
    "tbtc_usd_value": 14870.21
  },
  "timestamp": "2025-07-19T08:27:36Z"
}
