{
  "tbtc_price_usd": 117665,
  "nummus_price_usd": 0.063641,
  "total_tbtc_balance": 0.10414479,
  "total_usd_value": 12254.20,
  "wallet_1": {
    "tbtc_balance": 0.00255699,
    "tbtc_usd_value": 300.87
  },
  "wallet_2": {
    "tbtc_balance": 0.10158780,
    "tbtc_usd_value": 11953.33
  },
  "timestamp": "2025-07-13T05:23:02Z"
}
