{
  "tbtc_price_usd": 105714,
  "nummus_price_usd": 0.115338,
  "total_tbtc_balance": 0.06485557,
  "total_usd_value": 6856.15,
  "wallet_1": {
    "tbtc_balance": 0.00456132,
    "tbtc_usd_value": 482.20
  },
  "wallet_2": {
    "tbtc_balance": 0.06029425,
    "tbtc_usd_value": 6373.95
  },
  "timestamp": "2025-07-01T21:45:53Z"
}
