{
  "tbtc_price_usd": 118454,
  "nummus_price_usd": 0.129659,
  "total_tbtc_balance": 0.15238770,
  "total_usd_value": 18050.93,
  "wallet_1": {
    "tbtc_balance": 0.00297364,
    "tbtc_usd_value": 352.24
  },
  "wallet_2": {
    "tbtc_balance": 0.14941406,
    "tbtc_usd_value": 17698.69
  },
  "timestamp": "2025-07-24T17:21:29Z"
}
