{
  "tbtc_price_usd": 116387,
  "nummus_price_usd": 0.078901,
  "total_tbtc_balance": 0.11114941,
  "total_usd_value": 12936.35,
  "wallet_1": {
    "tbtc_balance": 0.00956161,
    "tbtc_usd_value": 1112.85
  },
  "wallet_2": {
    "tbtc_balance": 0.10158780,
    "tbtc_usd_value": 11823.50
  },
  "timestamp": "2025-07-15T08:30:21Z"
}
