{
  "tbtc_price_usd": 108006,
  "nummus_price_usd": 0.112373,
  "total_tbtc_balance": 0.07418693,
  "total_usd_value": 8012.63,
  "wallet_1": {
    "tbtc_balance": 0.00374073,
    "tbtc_usd_value": 404.02
  },
  "wallet_2": {
    "tbtc_balance": 0.07044620,
    "tbtc_usd_value": 7608.61
  },
  "timestamp": "2025-07-04T23:19:33Z"
}
