{
  "tbtc_price_usd": 117541,
  "nummus_price_usd": 0.108093,
  "total_tbtc_balance": 0.15032442,
  "total_usd_value": 17669.28,
  "wallet_1": {
    "tbtc_balance": 0.00091036,
    "tbtc_usd_value": 107.00
  },
  "wallet_2": {
    "tbtc_balance": 0.14941406,
    "tbtc_usd_value": 17562.28
  },
  "timestamp": "2025-07-23T17:23:57Z"
}
