{
  "tbtc_price_usd": 118977,
  "nummus_price_usd": 0.080024,
  "total_tbtc_balance": 0.11035840,
  "total_usd_value": 13130.11,
  "wallet_1": {
    "tbtc_balance": 0.00877060,
    "tbtc_usd_value": 1043.50
  },
  "wallet_2": {
    "tbtc_balance": 0.10158780,
    "tbtc_usd_value": 12086.61
  },
  "timestamp": "2025-07-15T01:55:37Z"
}
