{
  "tbtc_price_usd": 117996,
  "nummus_price_usd": 0.10898,
  "total_tbtc_balance": 0.13027805,
  "total_usd_value": 15372.29,
  "wallet_1": {
    "tbtc_balance": 0.00419305,
    "tbtc_usd_value": 494.76
  },
  "wallet_2": {
    "tbtc_balance": 0.12608500,
    "tbtc_usd_value": 14877.53
  },
  "timestamp": "2025-07-19T05:23:00Z"
}
