{
  "tbtc_price_usd": 115739,
  "nummus_price_usd": 0.100726,
  "total_tbtc_balance": 0.15651367,
  "total_usd_value": 18114.73,
  "wallet_1": {
    "tbtc_balance": 0.00709961,
    "tbtc_usd_value": 821.70
  },
  "wallet_2": {
    "tbtc_balance": 0.14941406,
    "tbtc_usd_value": 17293.03
  },
  "timestamp": "2025-07-25T17:22:30Z"
}
