{
  "tbtc_price_usd": 112188,
  "nummus_price_usd": 0.080765,
  "total_tbtc_balance": 0.09533331,
  "total_usd_value": 10695.25,
  "wallet_1": {
    "tbtc_balance": 0.01455712,
    "tbtc_usd_value": 1633.13
  },
  "wallet_2": {
    "tbtc_balance": 0.08077619,
    "tbtc_usd_value": 9062.12
  },
  "timestamp": "2025-07-10T16:28:27Z"
}
