{
  "tbtc_price_usd": 118549,
  "nummus_price_usd": 0.065536,
  "total_tbtc_balance": 0.10599389,
  "total_usd_value": 12565.47,
  "wallet_1": {
    "tbtc_balance": 0.00440609,
    "tbtc_usd_value": 522.34
  },
  "wallet_2": {
    "tbtc_balance": 0.10158780,
    "tbtc_usd_value": 12043.13
  },
  "timestamp": "2025-07-13T17:18:22Z"
}
