{
  "tbtc_price_usd": 108953,
  "nummus_price_usd": 0.098547,
  "total_tbtc_balance": 0.09020817,
  "total_usd_value": 9828.45,
  "wallet_1": {
    "tbtc_balance": 0.00943198,
    "tbtc_usd_value": 1027.64
  },
  "wallet_2": {
    "tbtc_balance": 0.08077619,
    "tbtc_usd_value": 8800.81
  },
  "timestamp": "2025-07-09T16:27:04Z"
}
