{
  "tbtc_price_usd": 107618,
  "nummus_price_usd": 0.114617,
  "total_tbtc_balance": 0.07315067,
  "total_usd_value": 7872.33,
  "wallet_1": {
    "tbtc_balance": 0.00270447,
    "tbtc_usd_value": 291.05
  },
  "wallet_2": {
    "tbtc_balance": 0.07044620,
    "tbtc_usd_value": 7581.28
  },
  "timestamp": "2025-07-04T17:18:05Z"
}
