{
  "tbtc_price_usd": 109497,
  "nummus_price_usd": 0.120414,
  "total_tbtc_balance": 0.07153927,
  "total_usd_value": 7833.34,
  "wallet_1": {
    "tbtc_balance": 0.00109307,
    "tbtc_usd_value": 119.69
  },
  "wallet_2": {
    "tbtc_balance": 0.07044620,
    "tbtc_usd_value": 7713.65
  },
  "timestamp": "2025-07-03T22:19:42Z"
}
