{
  "tbtc_price_usd": 118442,
  "nummus_price_usd": 0.123705,
  "total_tbtc_balance": 0.15079556,
  "total_usd_value": 17860.53,
  "wallet_1": {
    "tbtc_balance": 0.00138150,
    "tbtc_usd_value": 163.63
  },
  "wallet_2": {
    "tbtc_balance": 0.14941406,
    "tbtc_usd_value": 17696.90
  },
  "timestamp": "2025-07-23T23:22:35Z"
}
