{
  "tbtc_price_usd": 119017,
  "nummus_price_usd": 0.148137,
  "total_tbtc_balance": 0.15294218,
  "total_usd_value": 18202.72,
  "wallet_1": {
    "tbtc_balance": 0.00352812,
    "tbtc_usd_value": 419.91
  },
  "wallet_2": {
    "tbtc_balance": 0.14941406,
    "tbtc_usd_value": 17782.81
  },
  "timestamp": "2025-07-24T20:23:45Z"
}
