{
  "tbtc_price_usd": 117087,
  "nummus_price_usd": 0.097492,
  "total_tbtc_balance": 0.14451565,
  "total_usd_value": 16920.90,
  "wallet_1": {
    "tbtc_balance": 0.00786827,
    "tbtc_usd_value": 921.27
  },
  "wallet_2": {
    "tbtc_balance": 0.13664738,
    "tbtc_usd_value": 15999.63
  },
  "timestamp": "2025-07-22T05:26:57Z"
}
