{
  "tbtc_price_usd": 117348,
  "nummus_price_usd": 0.067876,
  "total_tbtc_balance": 0.09945715,
  "total_usd_value": 11671.09,
  "wallet_1": {
    "tbtc_balance": 0.00412384,
    "tbtc_usd_value": 483.92
  },
  "wallet_2": {
    "tbtc_balance": 0.09533331,
    "tbtc_usd_value": 11187.17
  },
  "timestamp": "2025-07-11T18:30:29Z"
}
