{
  "tbtc_price_usd": 115980,
  "nummus_price_usd": 0.087824,
  "total_tbtc_balance": 0.09622738,
  "total_usd_value": 11160.45,
  "wallet_1": {
    "tbtc_balance": 0.00089407,
    "tbtc_usd_value": 103.69
  },
  "wallet_2": {
    "tbtc_balance": 0.09533331,
    "tbtc_usd_value": 11056.76
  },
  "timestamp": "2025-07-10T22:20:18Z"
}
