{
  "tbtc_price_usd": 117758,
  "nummus_price_usd": 0.110722,
  "total_tbtc_balance": 0.15032442,
  "total_usd_value": 17701.90,
  "wallet_1": {
    "tbtc_balance": 0.00091036,
    "tbtc_usd_value": 107.20
  },
  "wallet_2": {
    "tbtc_balance": 0.14941406,
    "tbtc_usd_value": 17594.70
  },
  "timestamp": "2025-07-23T21:23:12Z"
}
