{
  "tbtc_price_usd": 116961,
  "nummus_price_usd": 0.106618,
  "total_tbtc_balance": 0.12711046,
  "total_usd_value": 14866.97,
  "wallet_1": {
    "tbtc_balance": 0.00102546,
    "tbtc_usd_value": 119.94
  },
  "wallet_2": {
    "tbtc_balance": 0.12608500,
    "tbtc_usd_value": 14747.03
  },
  "timestamp": "2025-07-18T15:23:38Z"
}
