{
  "tbtc_price_usd": 108052,
  "nummus_price_usd": 0.102049,
  "total_tbtc_balance": 0.08388380,
  "total_usd_value": 9063.81,
  "wallet_1": {
    "tbtc_balance": 0.00310761,
    "tbtc_usd_value": 335.78
  },
  "wallet_2": {
    "tbtc_balance": 0.08077619,
    "tbtc_usd_value": 8728.03
  },
  "timestamp": "2025-07-08T08:29:41Z"
}
