{
  "tbtc_price_usd": 108210,
  "nummus_price_usd": 0.098446,
  "total_tbtc_balance": 0.08177801,
  "total_usd_value": 8849.20,
  "wallet_1": {
    "tbtc_balance": 0.00100182,
    "tbtc_usd_value": 108.41
  },
  "wallet_2": {
    "tbtc_balance": 0.08077619,
    "tbtc_usd_value": 8740.79
  },
  "timestamp": "2025-07-07T23:20:10Z"
}
