{
  "tbtc_price_usd": 106424,
  "nummus_price_usd": 0.120434,
  "total_tbtc_balance": 0.06596232,
  "total_usd_value": 7019.98,
  "wallet_1": {
    "tbtc_balance": 0.00566807,
    "tbtc_usd_value": 603.22
  },
  "wallet_2": {
    "tbtc_balance": 0.06029425,
    "tbtc_usd_value": 6416.76
  },
  "timestamp": "2025-07-02T06:32:19Z"
}
