{
  "tbtc_price_usd": 118086,
  "nummus_price_usd": 0.108832,
  "total_tbtc_balance": 0.13133303,
  "total_usd_value": 15508.59,
  "wallet_1": {
    "tbtc_balance": 0.00524803,
    "tbtc_usd_value": 619.72
  },
  "wallet_2": {
    "tbtc_balance": 0.12608500,
    "tbtc_usd_value": 14888.87
  },
  "timestamp": "2025-07-19T11:17:47Z"
}
