{
  "tbtc_price_usd": 118986,
  "nummus_price_usd": 0.104216,
  "total_tbtc_balance": 0.11762113,
  "total_usd_value": 13995.27,
  "wallet_1": {
    "tbtc_balance": 0.00492920,
    "tbtc_usd_value": 586.51
  },
  "wallet_2": {
    "tbtc_balance": 0.11269193,
    "tbtc_usd_value": 13408.76
  },
  "timestamp": "2025-07-16T17:22:03Z"
}
