{
  "tbtc_price_usd": 107032,
  "nummus_price_usd": 0.127151,
  "total_tbtc_balance": 0.06206801,
  "total_usd_value": 6643.26,
  "wallet_1": {
    "tbtc_balance": 0.00177376,
    "tbtc_usd_value": 189.85
  },
  "wallet_2": {
    "tbtc_balance": 0.06029425,
    "tbtc_usd_value": 6453.41
  },
  "timestamp": "2025-06-30T22:20:31Z"
}
