{
  "tbtc_price_usd": 106211,
  "nummus_price_usd": 0.118657,
  "total_tbtc_balance": 0.06378321,
  "total_usd_value": 6774.48,
  "wallet_1": {
    "tbtc_balance": 0.00348896,
    "tbtc_usd_value": 370.57
  },
  "wallet_2": {
    "tbtc_balance": 0.06029425,
    "tbtc_usd_value": 6403.91
  },
  "timestamp": "2025-07-01T11:18:29Z"
}
