{
  "tbtc_price_usd": 118663,
  "nummus_price_usd": 0.10619,
  "total_tbtc_balance": 0.11762113,
  "total_usd_value": 13957.27,
  "wallet_1": {
    "tbtc_balance": 0.00492920,
    "tbtc_usd_value": 584.91
  },
  "wallet_2": {
    "tbtc_balance": 0.11269193,
    "tbtc_usd_value": 13372.36
  },
  "timestamp": "2025-07-16T16:29:28Z"
}
