{
  "tbtc_price_usd": 109213,
  "nummus_price_usd": 0.129504,
  "total_tbtc_balance": 0.06824391,
  "total_usd_value": 7453.13,
  "wallet_1": {
    "tbtc_balance": 0.00794966,
    "tbtc_usd_value": 868.21
  },
  "wallet_2": {
    "tbtc_balance": 0.06029425,
    "tbtc_usd_value": 6584.92
  },
  "timestamp": "2025-07-03T06:32:29Z"
}
