{
  "tbtc_price_usd": 121406,
  "nummus_price_usd": 0.080277,
  "total_tbtc_balance": 0.10730367,
  "total_usd_value": 13027.31,
  "wallet_1": {
    "tbtc_balance": 0.00571587,
    "tbtc_usd_value": 693.94
  },
  "wallet_2": {
    "tbtc_balance": 0.10158780,
    "tbtc_usd_value": 12333.37
  },
  "timestamp": "2025-07-14T05:26:32Z"
}
