{
  "tbtc_price_usd": 108571,
  "nummus_price_usd": 0.090774,
  "total_tbtc_balance": 0.07892422,
  "total_usd_value": 8568.88,
  "wallet_1": {
    "tbtc_balance": 0.00847802,
    "tbtc_usd_value": 920.47
  },
  "wallet_2": {
    "tbtc_balance": 0.07044620,
    "tbtc_usd_value": 7648.41
  },
  "timestamp": "2025-07-07T09:25:44Z"
}
