{
  "tbtc_price_usd": 118473,
  "nummus_price_usd": 0.108768,
  "total_tbtc_balance": 0.14941406,
  "total_usd_value": 17701.54,
  "wallet_1": {
    "tbtc_balance": 0.01276668,
    "tbtc_usd_value": 1512.51
  },
  "wallet_2": {
    "tbtc_balance": 0.13664738,
    "tbtc_usd_value": 16189.03
  },
  "timestamp": "2025-07-23T07:25:19Z"
}
