{
  "tbtc_price_usd": 108663,
  "nummus_price_usd": 0.100316,
  "total_tbtc_balance": 0.08810060,
  "total_usd_value": 9573.27,
  "wallet_1": {
    "tbtc_balance": 0.00732441,
    "tbtc_usd_value": 795.89
  },
  "wallet_2": {
    "tbtc_balance": 0.08077619,
    "tbtc_usd_value": 8777.38
  },
  "timestamp": "2025-07-09T06:32:23Z"
}
