{
  "tbtc_price_usd": 117939,
  "nummus_price_usd": 0.108206,
  "total_tbtc_balance": 0.13558317,
  "total_usd_value": 15990.54,
  "wallet_1": {
    "tbtc_balance": 0.00949817,
    "tbtc_usd_value": 1120.20
  },
  "wallet_2": {
    "tbtc_balance": 0.12608500,
    "tbtc_usd_value": 14870.34
  },
  "timestamp": "2025-07-20T07:19:50Z"
}
