{
  "tbtc_price_usd": 110919,
  "nummus_price_usd": 0.096953,
  "total_tbtc_balance": 0.09434770,
  "total_usd_value": 10464.95,
  "wallet_1": {
    "tbtc_balance": 0.01357151,
    "tbtc_usd_value": 1505.34
  },
  "wallet_2": {
    "tbtc_balance": 0.08077619,
    "tbtc_usd_value": 8959.61
  },
  "timestamp": "2025-07-10T11:19:43Z"
}
