{
  "tbtc_price_usd": 117355,
  "nummus_price_usd": 0.080396,
  "total_tbtc_balance": 0.11114941,
  "total_usd_value": 13043.94,
  "wallet_1": {
    "tbtc_balance": 0.00956161,
    "tbtc_usd_value": 1122.10
  },
  "wallet_2": {
    "tbtc_balance": 0.10158780,
    "tbtc_usd_value": 11921.84
  },
  "timestamp": "2025-07-15T05:26:03Z"
}
