{
  "tbtc_price_usd": 116879,
  "nummus_price_usd": 0.094844,
  "total_tbtc_balance": 0.14355720,
  "total_usd_value": 16778.82,
  "wallet_1": {
    "tbtc_balance": 0.00690982,
    "tbtc_usd_value": 807.61
  },
  "wallet_2": {
    "tbtc_balance": 0.13664738,
    "tbtc_usd_value": 15971.21
  },
  "timestamp": "2025-07-21T20:25:17Z"
}
