{
  "tbtc_price_usd": 110911,
  "nummus_price_usd": 0.098993,
  "total_tbtc_balance": 0.09229682,
  "total_usd_value": 10236.73,
  "wallet_1": {
    "tbtc_balance": 0.01152063,
    "tbtc_usd_value": 1277.76
  },
  "wallet_2": {
    "tbtc_balance": 0.08077619,
    "tbtc_usd_value": 8958.97
  },
  "timestamp": "2025-07-10T03:22:55Z"
}
