{
  "tbtc_price_usd": 116902,
  "nummus_price_usd": 0.135323,
  "total_tbtc_balance": 0.15352164,
  "total_usd_value": 17946.98,
  "wallet_1": {
    "tbtc_balance": 0.00410758,
    "tbtc_usd_value": 480.18
  },
  "wallet_2": {
    "tbtc_balance": 0.14941406,
    "tbtc_usd_value": 17466.80
  },
  "timestamp": "2025-07-25T01:53:51Z"
}
