{
  "tbtc_price_usd": 117168,
  "nummus_price_usd": 0.10961,
  "total_tbtc_balance": 0.12815420,
  "total_usd_value": 15015.57,
  "wallet_1": {
    "tbtc_balance": 0.00206920,
    "tbtc_usd_value": 242.44
  },
  "wallet_2": {
    "tbtc_balance": 0.12608500,
    "tbtc_usd_value": 14773.13
  },
  "timestamp": "2025-07-18T20:24:29Z"
}
