{
  "tbtc_price_usd": 118505,
  "nummus_price_usd": 0.10986,
  "total_tbtc_balance": 0.12077732,
  "total_usd_value": 14312.72,
  "wallet_1": {
    "tbtc_balance": 0.00808539,
    "tbtc_usd_value": 958.16
  },
  "wallet_2": {
    "tbtc_balance": 0.11269193,
    "tbtc_usd_value": 13354.56
  },
  "timestamp": "2025-07-17T09:27:06Z"
}
