{
  "tbtc_price_usd": 116404,
  "nummus_price_usd": 0.086096,
  "total_tbtc_balance": 0.11349904,
  "total_usd_value": 13211.74,
  "wallet_1": {
    "tbtc_balance": 0.00080711,
    "tbtc_usd_value": 93.95
  },
  "wallet_2": {
    "tbtc_balance": 0.11269193,
    "tbtc_usd_value": 13117.79
  },
  "timestamp": "2025-07-15T19:18:56Z"
}
