{
  "tbtc_price_usd": 118461,
  "nummus_price_usd": 0.105549,
  "total_tbtc_balance": 0.14645745,
  "total_usd_value": 17349.50,
  "wallet_1": {
    "tbtc_balance": 0.00981007,
    "tbtc_usd_value": 1162.11
  },
  "wallet_2": {
    "tbtc_balance": 0.13664738,
    "tbtc_usd_value": 16187.39
  },
  "timestamp": "2025-07-22T15:25:41Z"
}
