{
  "tbtc_price_usd": 115810,
  "nummus_price_usd": 0.078678,
  "total_tbtc_balance": 0.11269193,
  "total_usd_value": 13050.85,
  "wallet_1": {
    "tbtc_balance": 0.01110413,
    "tbtc_usd_value": 1285.97
  },
  "wallet_2": {
    "tbtc_balance": 0.10158780,
    "tbtc_usd_value": 11764.88
  },
  "timestamp": "2025-07-15T15:23:01Z"
}
