{
  "tbtc_price_usd": 118353,
  "nummus_price_usd": 0.106932,
  "total_tbtc_balance": 0.13769393,
  "total_usd_value": 16296.49,
  "wallet_1": {
    "tbtc_balance": 0.00104655,
    "tbtc_usd_value": 123.86
  },
  "wallet_2": {
    "tbtc_balance": 0.13664738,
    "tbtc_usd_value": 16172.63
  },
  "timestamp": "2025-07-20T15:21:18Z"
}
