{
  "tbtc_price_usd": 107862,
  "nummus_price_usd": 0.090934,
  "total_tbtc_balance": 0.07597654,
  "total_usd_value": 8194.98,
  "wallet_1": {
    "tbtc_balance": 0.00553034,
    "tbtc_usd_value": 596.51
  },
  "wallet_2": {
    "tbtc_balance": 0.07044620,
    "tbtc_usd_value": 7598.47
  },
  "timestamp": "2025-07-05T20:21:25Z"
}
