{
  "tbtc_price_usd": 108397,
  "nummus_price_usd": 0.098829,
  "total_tbtc_balance": 0.08810060,
  "total_usd_value": 9549.84,
  "wallet_1": {
    "tbtc_balance": 0.00732441,
    "tbtc_usd_value": 793.94
  },
  "wallet_2": {
    "tbtc_balance": 0.08077619,
    "tbtc_usd_value": 8755.90
  },
  "timestamp": "2025-07-09T04:35:29Z"
}
