{
  "tbtc_price_usd": 116200,
  "nummus_price_usd": 0.0871,
  "total_tbtc_balance": 0.09710427,
  "total_usd_value": 11283.52,
  "wallet_1": {
    "tbtc_balance": 0.00177096,
    "tbtc_usd_value": 205.79
  },
  "wallet_2": {
    "tbtc_balance": 0.09533331,
    "tbtc_usd_value": 11077.73
  },
  "timestamp": "2025-07-11T03:37:27Z"
}
