{
  "tbtc_price_usd": 107967,
  "nummus_price_usd": 0.099475,
  "total_tbtc_balance": 0.08282190,
  "total_usd_value": 8942.03,
  "wallet_1": {
    "tbtc_balance": 0.00204571,
    "tbtc_usd_value": 220.87
  },
  "wallet_2": {
    "tbtc_balance": 0.08077619,
    "tbtc_usd_value": 8721.16
  },
  "timestamp": "2025-07-08T06:32:35Z"
}
