{
  "tbtc_price_usd": 119023,
  "nummus_price_usd": 0.134989,
  "total_tbtc_balance": 0.15294218,
  "total_usd_value": 18203.64,
  "wallet_1": {
    "tbtc_balance": 0.00352812,
    "tbtc_usd_value": 419.93
  },
  "wallet_2": {
    "tbtc_balance": 0.14941406,
    "tbtc_usd_value": 17783.71
  },
  "timestamp": "2025-07-24T18:33:48Z"
}
