{
  "tbtc_price_usd": 117198,
  "nummus_price_usd": 0.080015,
  "total_tbtc_balance": 0.11035840,
  "total_usd_value": 12933.79,
  "wallet_1": {
    "tbtc_balance": 0.00877060,
    "tbtc_usd_value": 1027.90
  },
  "wallet_2": {
    "tbtc_balance": 0.10158780,
    "tbtc_usd_value": 11905.89
  },
  "timestamp": "2025-07-15T03:39:37Z"
}
