{
  "tbtc_price_usd": 118053,
  "nummus_price_usd": 0.10796,
  "total_tbtc_balance": 0.14986620,
  "total_usd_value": 17692.16,
  "wallet_1": {
    "tbtc_balance": 0.00045214,
    "tbtc_usd_value": 53.38
  },
  "wallet_2": {
    "tbtc_balance": 0.14941406,
    "tbtc_usd_value": 17638.78
  },
  "timestamp": "2025-07-23T15:26:43Z"
}
