{
  "tbtc_price_usd": 117563,
  "nummus_price_usd": 0.060728,
  "total_tbtc_balance": 0.10474311,
  "total_usd_value": 12313.92,
  "wallet_1": {
    "tbtc_balance": 0.00315531,
    "tbtc_usd_value": 370.95
  },
  "wallet_2": {
    "tbtc_balance": 0.10158780,
    "tbtc_usd_value": 11942.97
  },
  "timestamp": "2025-07-13T09:23:30Z"
}
