{
  "tbtc_price_usd": 107804,
  "nummus_price_usd": 0.095018,
  "total_tbtc_balance": 0.07641149,
  "total_usd_value": 8237.46,
  "wallet_1": {
    "tbtc_balance": 0.00596529,
    "tbtc_usd_value": 643.08
  },
  "wallet_2": {
    "tbtc_balance": 0.07044620,
    "tbtc_usd_value": 7594.38
  },
  "timestamp": "2025-07-06T04:34:08Z"
}
