{
  "tbtc_price_usd": 117514,
  "nummus_price_usd": 0.062994,
  "total_tbtc_balance": 0.10414479,
  "total_usd_value": 12238.47,
  "wallet_1": {
    "tbtc_balance": 0.00255699,
    "tbtc_usd_value": 300.48
  },
  "wallet_2": {
    "tbtc_balance": 0.10158780,
    "tbtc_usd_value": 11937.99
  },
  "timestamp": "2025-07-13T03:43:46Z"
}
