{
  "tbtc_price_usd": 107920,
  "nummus_price_usd": 0.076882,
  "total_tbtc_balance": 0.07556340,
  "total_usd_value": 8154.80,
  "wallet_1": {
    "tbtc_balance": 0.00511720,
    "tbtc_usd_value": 552.25
  },
  "wallet_2": {
    "tbtc_balance": 0.07044620,
    "tbtc_usd_value": 7602.55
  },
  "timestamp": "2025-07-05T16:24:27Z"
}
