{
  "tbtc_price_usd": 113289,
  "nummus_price_usd": 0.088078,
  "total_tbtc_balance": 0.09622738,
  "total_usd_value": 10901.51,
  "wallet_1": {
    "tbtc_balance": 0.00089407,
    "tbtc_usd_value": 101.29
  },
  "wallet_2": {
    "tbtc_balance": 0.09533331,
    "tbtc_usd_value": 10800.22
  },
  "timestamp": "2025-07-10T19:17:36Z"
}
