{
  "tbtc_price_usd": 118247,
  "nummus_price_usd": 0.120162,
  "total_tbtc_balance": 0.15184363,
  "total_usd_value": 17955.05,
  "wallet_1": {
    "tbtc_balance": 0.00242957,
    "tbtc_usd_value": 287.29
  },
  "wallet_2": {
    "tbtc_balance": 0.14941406,
    "tbtc_usd_value": 17667.76
  },
  "timestamp": "2025-07-24T09:27:55Z"
}
