{
  "tbtc_price_usd": 119068,
  "nummus_price_usd": 0.10868,
  "total_tbtc_balance": 0.14747076,
  "total_usd_value": 17559.05,
  "wallet_1": {
    "tbtc_balance": 0.01082338,
    "tbtc_usd_value": 1288.72
  },
  "wallet_2": {
    "tbtc_balance": 0.13664738,
    "tbtc_usd_value": 16270.33
  },
  "timestamp": "2025-07-22T18:34:38Z"
}
