{
  "tbtc_price_usd": 117130,
  "nummus_price_usd": 0.062866,
  "total_tbtc_balance": 0.10352075,
  "total_usd_value": 12125.39,
  "wallet_1": {
    "tbtc_balance": 0.00193295,
    "tbtc_usd_value": 226.41
  },
  "wallet_2": {
    "tbtc_balance": 0.10158780,
    "tbtc_usd_value": 11898.98
  },
  "timestamp": "2025-07-12T23:21:18Z"
}
