{
  "tbtc_price_usd": 118573,
  "nummus_price_usd": 0.066931,
  "total_tbtc_balance": 0.10664534,
  "total_usd_value": 12645.26,
  "wallet_1": {
    "tbtc_balance": 0.00505754,
    "tbtc_usd_value": 599.69
  },
  "wallet_2": {
    "tbtc_balance": 0.10158780,
    "tbtc_usd_value": 12045.57
  },
  "timestamp": "2025-07-13T23:21:42Z"
}
