{
  "tbtc_price_usd": 117764,
  "nummus_price_usd": 0.107743,
  "total_tbtc_balance": 0.13238970,
  "total_usd_value": 15590.74,
  "wallet_1": {
    "tbtc_balance": 0.00630470,
    "tbtc_usd_value": 742.47
  },
  "wallet_2": {
    "tbtc_balance": 0.12608500,
    "tbtc_usd_value": 14848.27
  },
  "timestamp": "2025-07-19T15:21:40Z"
}
