{
  "tbtc_price_usd": 119066,
  "nummus_price_usd": 0.10561,
  "total_tbtc_balance": 0.11653099,
  "total_usd_value": 13874.88,
  "wallet_1": {
    "tbtc_balance": 0.00383906,
    "tbtc_usd_value": 457.10
  },
  "wallet_2": {
    "tbtc_balance": 0.11269193,
    "tbtc_usd_value": 13417.78
  },
  "timestamp": "2025-07-16T10:25:12Z"
}
