{
  "tbtc_price_usd": 117371,
  "nummus_price_usd": 0.104865,
  "total_tbtc_balance": 0.15827786,
  "total_usd_value": 18577.23,
  "wallet_1": {
    "tbtc_balance": 0.00886380,
    "tbtc_usd_value": 1040.35
  },
  "wallet_2": {
    "tbtc_balance": 0.14941406,
    "tbtc_usd_value": 17536.88
  },
  "timestamp": "2025-07-26T01:50:23Z"
}
