{
  "tbtc_price_usd": 109119,
  "nummus_price_usd": 0.119815,
  "total_tbtc_balance": 0.07207982,
  "total_usd_value": 7865.28,
  "wallet_1": {
    "tbtc_balance": 0.00163362,
    "tbtc_usd_value": 178.26
  },
  "wallet_2": {
    "tbtc_balance": 0.07044620,
    "tbtc_usd_value": 7687.02
  },
  "timestamp": "2025-07-04T03:19:00Z"
}
