{
  "tbtc_price_usd": 109001,
  "nummus_price_usd": 0.128718,
  "total_tbtc_balance": 0.06766675,
  "total_usd_value": 7375.74,
  "wallet_1": {
    "tbtc_balance": 0.00737250,
    "tbtc_usd_value": 803.61
  },
  "wallet_2": {
    "tbtc_balance": 0.06029425,
    "tbtc_usd_value": 6572.13
  },
  "timestamp": "2025-07-02T23:21:37Z"
}
