{
  "tbtc_price_usd": 117921,
  "nummus_price_usd": 0.108635,
  "total_tbtc_balance": 0.15032442,
  "total_usd_value": 17726.41,
  "wallet_1": {
    "tbtc_balance": 0.00091036,
    "tbtc_usd_value": 107.35
  },
  "wallet_2": {
    "tbtc_balance": 0.14941406,
    "tbtc_usd_value": 17619.06
  },
  "timestamp": "2025-07-23T19:20:06Z"
}
