{
  "tbtc_price_usd": 106983,
  "nummus_price_usd": 0.125858,
  "total_tbtc_balance": 0.06206801,
  "total_usd_value": 6640.22,
  "wallet_1": {
    "tbtc_balance": 0.00177376,
    "tbtc_usd_value": 189.76
  },
  "wallet_2": {
    "tbtc_balance": 0.06029425,
    "tbtc_usd_value": 6450.46
  },
  "timestamp": "2025-06-30T23:19:58Z"
}
