{
  "tbtc_price_usd": 107994,
  "nummus_price_usd": 0.099481,
  "total_tbtc_balance": 0.07510853,
  "total_usd_value": 8111.27,
  "wallet_1": {
    "tbtc_balance": 0.00466233,
    "tbtc_usd_value": 503.50
  },
  "wallet_2": {
    "tbtc_balance": 0.07044620,
    "tbtc_usd_value": 7607.77
  },
  "timestamp": "2025-07-05T13:28:33Z"
}
