{
  "tbtc_price_usd": 107609,
  "nummus_price_usd": 0.090312,
  "total_tbtc_balance": 0.07556340,
  "total_usd_value": 8131.31,
  "wallet_1": {
    "tbtc_balance": 0.00511720,
    "tbtc_usd_value": 550.66
  },
  "wallet_2": {
    "tbtc_balance": 0.07044620,
    "tbtc_usd_value": 7580.65
  },
  "timestamp": "2025-07-05T18:26:57Z"
}
