{
  "tbtc_price_usd": 109453,
  "nummus_price_usd": 0.118293,
  "total_tbtc_balance": 0.07100102,
  "total_usd_value": 7771.28,
  "wallet_1": {
    "tbtc_balance": 0.00055482,
    "tbtc_usd_value": 60.73
  },
  "wallet_2": {
    "tbtc_balance": 0.07044620,
    "tbtc_usd_value": 7710.55
  },
  "timestamp": "2025-07-03T21:19:35Z"
}
