{
  "tbtc_price_usd": 109532,
  "nummus_price_usd": 0.120138,
  "total_tbtc_balance": 0.07100102,
  "total_usd_value": 7776.88,
  "wallet_1": {
    "tbtc_balance": 0.00055482,
    "tbtc_usd_value": 60.77
  },
  "wallet_2": {
    "tbtc_balance": 0.07044620,
    "tbtc_usd_value": 7716.11
  },
  "timestamp": "2025-07-03T20:22:46Z"
}
