{
  "tbtc_price_usd": 118577,
  "nummus_price_usd": 0.107681,
  "total_tbtc_balance": 0.12077732,
  "total_usd_value": 14321.41,
  "wallet_1": {
    "tbtc_balance": 0.00808539,
    "tbtc_usd_value": 958.74
  },
  "wallet_2": {
    "tbtc_balance": 0.11269193,
    "tbtc_usd_value": 13362.67
  },
  "timestamp": "2025-07-17T06:33:43Z"
}
