{
  "tbtc_price_usd": 118040,
  "nummus_price_usd": 0.1123,
  "total_tbtc_balance": 0.16011356,
  "total_usd_value": 18899.80,
  "wallet_1": {
    "tbtc_balance": 0.00047394,
    "tbtc_usd_value": 55.94
  },
  "wallet_2": {
    "tbtc_balance": 0.15963962,
    "tbtc_usd_value": 18843.86
  },
  "timestamp": "2025-07-26T12:41:56Z"
}
