{
  "tbtc_price_usd": 118322,
  "nummus_price_usd": 0.109017,
  "total_tbtc_balance": 0.12188441,
  "total_usd_value": 14421.60,
  "wallet_1": {
    "tbtc_balance": 0.00919248,
    "tbtc_usd_value": 1087.67
  },
  "wallet_2": {
    "tbtc_balance": 0.11269193,
    "tbtc_usd_value": 13333.93
  },
  "timestamp": "2025-07-17T15:24:50Z"
}
