{
  "tbtc_price_usd": 111432,
  "nummus_price_usd": 0.098814,
  "total_tbtc_balance": 0.09229682,
  "total_usd_value": 10284.82,
  "wallet_1": {
    "tbtc_balance": 0.01152063,
    "tbtc_usd_value": 1283.77
  },
  "wallet_2": {
    "tbtc_balance": 0.08077619,
    "tbtc_usd_value": 9001.05
  },
  "timestamp": "2025-07-09T23:20:56Z"
}
