{
  "tbtc_price_usd": 108419,
  "nummus_price_usd": 0.084017,
  "total_tbtc_balance": 0.07985040,
  "total_usd_value": 8657.30,
  "wallet_1": {
    "tbtc_balance": 0.00940420,
    "tbtc_usd_value": 1019.59
  },
  "wallet_2": {
    "tbtc_balance": 0.07044620,
    "tbtc_usd_value": 7637.71
  },
  "timestamp": "2025-07-07T13:34:21Z"
}
