{
  "tbtc_price_usd": 118601,
  "nummus_price_usd": 0.114775,
  "total_tbtc_balance": 0.12077732,
  "total_usd_value": 14324.32,
  "wallet_1": {
    "tbtc_balance": 0.00808539,
    "tbtc_usd_value": 958.94
  },
  "wallet_2": {
    "tbtc_balance": 0.11269193,
    "tbtc_usd_value": 13365.38
  },
  "timestamp": "2025-07-17T10:25:25Z"
}
