{
  "tbtc_price_usd": 118366,
  "nummus_price_usd": 0.107801,
  "total_tbtc_balance": 0.11653099,
  "total_usd_value": 13793.30,
  "wallet_1": {
    "tbtc_balance": 0.00383906,
    "tbtc_usd_value": 454.41
  },
  "wallet_2": {
    "tbtc_balance": 0.11269193,
    "tbtc_usd_value": 13338.89
  },
  "timestamp": "2025-07-16T11:19:23Z"
}
