{
  "tbtc_price_usd": 119424,
  "nummus_price_usd": 0.080507,
  "total_tbtc_balance": 0.10883368,
  "total_usd_value": 12997.35,
  "wallet_1": {
    "tbtc_balance": 0.00724588,
    "tbtc_usd_value": 865.33
  },
  "wallet_2": {
    "tbtc_balance": 0.10158780,
    "tbtc_usd_value": 12132.02
  },
  "timestamp": "2025-07-14T16:28:43Z"
}
