{
  "tbtc_price_usd": 120425,
  "nummus_price_usd": 0.108641,
  "total_tbtc_balance": 0.12461893,
  "total_usd_value": 15007.24,
  "wallet_1": {
    "tbtc_balance": 0.01192700,
    "tbtc_usd_value": 1436.31
  },
  "wallet_2": {
    "tbtc_balance": 0.11269193,
    "tbtc_usd_value": 13570.93
  },
  "timestamp": "2025-07-18T01:54:42Z"
}
