{
  "tbtc_price_usd": 117792,
  "nummus_price_usd": 0.109011,
  "total_tbtc_balance": 0.13344788,
  "total_usd_value": 15719.09,
  "wallet_1": {
    "tbtc_balance": 0.00736288,
    "tbtc_usd_value": 867.29
  },
  "wallet_2": {
    "tbtc_balance": 0.12608500,
    "tbtc_usd_value": 14851.80
  },
  "timestamp": "2025-07-19T18:29:15Z"
}
