{
  "tbtc_price_usd": 118820,
  "nummus_price_usd": 0.108206,
  "total_tbtc_balance": 0.12295280,
  "total_usd_value": 14609.26,
  "wallet_1": {
    "tbtc_balance": 0.01026087,
    "tbtc_usd_value": 1219.20
  },
  "wallet_2": {
    "tbtc_balance": 0.11269193,
    "tbtc_usd_value": 13390.06
  },
  "timestamp": "2025-07-17T17:20:56Z"
}
