{
  "tbtc_price_usd": 117438,
  "nummus_price_usd": 0.101129,
  "total_tbtc_balance": 0.14547107,
  "total_usd_value": 17083.84,
  "wallet_1": {
    "tbtc_balance": 0.00882369,
    "tbtc_usd_value": 1036.24
  },
  "wallet_2": {
    "tbtc_balance": 0.13664738,
    "tbtc_usd_value": 16047.60
  },
  "timestamp": "2025-07-22T08:31:51Z"
}
