{
  "tbtc_price_usd": 117117,
  "nummus_price_usd": 0.098948,
  "total_tbtc_balance": 0.14451565,
  "total_usd_value": 16925.24,
  "wallet_1": {
    "tbtc_balance": 0.00786827,
    "tbtc_usd_value": 921.51
  },
  "wallet_2": {
    "tbtc_balance": 0.13664738,
    "tbtc_usd_value": 16003.73
  },
  "timestamp": "2025-07-22T01:54:13Z"
}
