{
  "tbtc_price_usd": 118976,
  "nummus_price_usd": 0.136671,
  "total_tbtc_balance": 0.15294218,
  "total_usd_value": 18196.45,
  "wallet_1": {
    "tbtc_balance": 0.00352812,
    "tbtc_usd_value": 419.76
  },
  "wallet_2": {
    "tbtc_balance": 0.14941406,
    "tbtc_usd_value": 17776.69
  },
  "timestamp": "2025-07-24T19:20:11Z"
}
