{
  "tbtc_price_usd": 118117,
  "nummus_price_usd": 0.078467,
  "total_tbtc_balance": 0.11269193,
  "total_usd_value": 13310.84,
  "wallet_1": {
    "tbtc_balance": 0.01110413,
    "tbtc_usd_value": 1311.59
  },
  "wallet_2": {
    "tbtc_balance": 0.10158780,
    "tbtc_usd_value": 11999.25
  },
  "timestamp": "2025-07-15T14:20:51Z"
}
