{
  "tbtc_price_usd": 105888,
  "nummus_price_usd": 0.116089,
  "total_tbtc_balance": 0.06485557,
  "total_usd_value": 6867.43,
  "wallet_1": {
    "tbtc_balance": 0.00456132,
    "tbtc_usd_value": 482.99
  },
  "wallet_2": {
    "tbtc_balance": 0.06029425,
    "tbtc_usd_value": 6384.44
  },
  "timestamp": "2025-07-01T21:31:37Z"
}
