{
  "tbtc_price_usd": 118072,
  "nummus_price_usd": 0.13671,
  "total_tbtc_balance": 0.15352164,
  "total_usd_value": 18126.61,
  "wallet_1": {
    "tbtc_balance": 0.00410758,
    "tbtc_usd_value": 484.99
  },
  "wallet_2": {
    "tbtc_balance": 0.14941406,
    "tbtc_usd_value": 17641.62
  },
  "timestamp": "2025-07-24T23:22:20Z"
}
