{
  "tbtc_price_usd": 108594,
  "nummus_price_usd": 0.12805,
  "total_tbtc_balance": 0.06824391,
  "total_usd_value": 7410.88,
  "wallet_1": {
    "tbtc_balance": 0.00794966,
    "tbtc_usd_value": 863.29
  },
  "wallet_2": {
    "tbtc_balance": 0.06029425,
    "tbtc_usd_value": 6547.59
  },
  "timestamp": "2025-07-03T03:21:01Z"
}
