{
  "tbtc_price_usd": 117411,
  "nummus_price_usd": 0.105942,
  "total_tbtc_balance": 0.14079270,
  "total_usd_value": 16530.62,
  "wallet_1": {
    "tbtc_balance": 0.00414532,
    "tbtc_usd_value": 486.71
  },
  "wallet_2": {
    "tbtc_balance": 0.13664738,
    "tbtc_usd_value": 16043.91
  },
  "timestamp": "2025-07-21T05:28:30Z"
}
