{
  "tbtc_price_usd": 107489,
  "nummus_price_usd": 0.097765,
  "total_tbtc_balance": 0.08282190,
  "total_usd_value": 8902.44,
  "wallet_1": {
    "tbtc_balance": 0.00204571,
    "tbtc_usd_value": 219.89
  },
  "wallet_2": {
    "tbtc_balance": 0.08077619,
    "tbtc_usd_value": 8682.55
  },
  "timestamp": "2025-07-08T04:31:30Z"
}
