{
  "tbtc_price_usd": 106060,
  "nummus_price_usd": 0.114767,
  "total_tbtc_balance": 0.06485557,
  "total_usd_value": 6878.58,
  "wallet_1": {
    "tbtc_balance": 0.00456132,
    "tbtc_usd_value": 483.77
  },
  "wallet_2": {
    "tbtc_balance": 0.06029425,
    "tbtc_usd_value": 6394.81
  },
  "timestamp": "2025-07-01T21:20:04Z"
}
