{
  "tbtc_price_usd": 118422,
  "nummus_price_usd": 0.106041,
  "total_tbtc_balance": 0.13873536,
  "total_usd_value": 16429.32,
  "wallet_1": {
    "tbtc_balance": 0.00208798,
    "tbtc_usd_value": 247.26
  },
  "wallet_2": {
    "tbtc_balance": 0.13664738,
    "tbtc_usd_value": 16182.06
  },
  "timestamp": "2025-07-20T19:16:52Z"
}
