{
  "tbtc_price_usd": 120016,
  "nummus_price_usd": 0.110502,
  "total_tbtc_balance": 0.11864574,
  "total_usd_value": 14239.38,
  "wallet_1": {
    "tbtc_balance": 0.00595381,
    "tbtc_usd_value": 714.55
  },
  "wallet_2": {
    "tbtc_balance": 0.11269193,
    "tbtc_usd_value": 13524.83
  },
  "timestamp": "2025-07-16T21:21:46Z"
}
