{
  "tbtc_price_usd": 108204,
  "nummus_price_usd": 0.123473,
  "total_tbtc_balance": 0.06652305,
  "total_usd_value": 7198.06,
  "wallet_1": {
    "tbtc_balance": 0.00622880,
    "tbtc_usd_value": 673.98
  },
  "wallet_2": {
    "tbtc_balance": 0.06029425,
    "tbtc_usd_value": 6524.08
  },
  "timestamp": "2025-07-02T15:23:23Z"
}
