{
  "tbtc_price_usd": 108644,
  "nummus_price_usd": 0.117651,
  "total_tbtc_balance": 0.07261854,
  "total_usd_value": 7889.57,
  "wallet_1": {
    "tbtc_balance": 0.00217234,
    "tbtc_usd_value": 236.01
  },
  "wallet_2": {
    "tbtc_balance": 0.07044620,
    "tbtc_usd_value": 7653.56
  },
  "timestamp": "2025-07-04T11:18:49Z"
}
