{
  "tbtc_price_usd": 118203,
  "nummus_price_usd": 0.066727,
  "total_tbtc_balance": 0.10664534,
  "total_usd_value": 12605.80,
  "wallet_1": {
    "tbtc_balance": 0.00505754,
    "tbtc_usd_value": 597.82
  },
  "wallet_2": {
    "tbtc_balance": 0.10158780,
    "tbtc_usd_value": 12007.98
  },
  "timestamp": "2025-07-13T22:20:25Z"
}
