{
  "tbtc_price_usd": 118214,
  "nummus_price_usd": 0.111889,
  "total_tbtc_balance": 0.16011356,
  "total_usd_value": 18927.67,
  "wallet_1": {
    "tbtc_balance": 0.00047394,
    "tbtc_usd_value": 56.03
  },
  "wallet_2": {
    "tbtc_balance": 0.15963962,
    "tbtc_usd_value": 18871.64
  },
  "timestamp": "2025-07-26T14:20:20Z"
}
