{
  "tbtc_price_usd": 108760,
  "nummus_price_usd": 0.094486,
  "total_tbtc_balance": 0.07767745,
  "total_usd_value": 8448.20,
  "wallet_1": {
    "tbtc_balance": 0.00723125,
    "tbtc_usd_value": 786.47
  },
  "wallet_2": {
    "tbtc_balance": 0.07044620,
    "tbtc_usd_value": 7661.73
  },
  "timestamp": "2025-07-06T16:24:43Z"
}
