{
  "tbtc_price_usd": 117649,
  "nummus_price_usd": 0.109228,
  "total_tbtc_balance": 0.12815420,
  "total_usd_value": 15077.21,
  "wallet_1": {
    "tbtc_balance": 0.00206920,
    "tbtc_usd_value": 243.44
  },
  "wallet_2": {
    "tbtc_balance": 0.12608500,
    "tbtc_usd_value": 14833.77
  },
  "timestamp": "2025-07-18T21:21:07Z"
}
