{
  "tbtc_price_usd": 121460,
  "nummus_price_usd": 0.081129,
  "total_tbtc_balance": 0.10883368,
  "total_usd_value": 13218.93,
  "wallet_1": {
    "tbtc_balance": 0.00724588,
    "tbtc_usd_value": 880.08
  },
  "wallet_2": {
    "tbtc_balance": 0.10158780,
    "tbtc_usd_value": 12338.85
  },
  "timestamp": "2025-07-14T13:37:06Z"
}
