{
  "tbtc_price_usd": 117400,
  "nummus_price_usd": 0.06241,
  "total_tbtc_balance": 0.10227868,
  "total_usd_value": 12007.52,
  "wallet_1": {
    "tbtc_balance": 0.00069088,
    "tbtc_usd_value": 81.11
  },
  "wallet_2": {
    "tbtc_balance": 0.10158780,
    "tbtc_usd_value": 11926.41
  },
  "timestamp": "2025-07-12T14:18:58Z"
}
