{
  "tbtc_price_usd": 117769,
  "nummus_price_usd": 0.106605,
  "total_tbtc_balance": 0.14986620,
  "total_usd_value": 17649.59,
  "wallet_1": {
    "tbtc_balance": 0.00045214,
    "tbtc_usd_value": 53.25
  },
  "wallet_2": {
    "tbtc_balance": 0.14941406,
    "tbtc_usd_value": 17596.34
  },
  "timestamp": "2025-07-23T14:24:49Z"
}
