{
  "tbtc_price_usd": 118159,
  "nummus_price_usd": 0.110049,
  "total_tbtc_balance": 0.11653099,
  "total_usd_value": 13769.19,
  "wallet_1": {
    "tbtc_balance": 0.00383906,
    "tbtc_usd_value": 453.62
  },
  "wallet_2": {
    "tbtc_balance": 0.11269193,
    "tbtc_usd_value": 13315.57
  },
  "timestamp": "2025-07-16T14:20:57Z"
}
