{
  "tbtc_price_usd": 120444,
  "nummus_price_usd": 0.080852,
  "total_tbtc_balance": 0.10883368,
  "total_usd_value": 13108.36,
  "wallet_1": {
    "tbtc_balance": 0.00724588,
    "tbtc_usd_value": 872.72
  },
  "wallet_2": {
    "tbtc_balance": 0.10158780,
    "tbtc_usd_value": 12235.64
  },
  "timestamp": "2025-07-14T15:24:32Z"
}
