{
  "tbtc_price_usd": 106299,
  "nummus_price_usd": 0.11172,
  "total_tbtc_balance": 0.06378321,
  "total_usd_value": 6780.09,
  "wallet_1": {
    "tbtc_balance": 0.00348896,
    "tbtc_usd_value": 370.87
  },
  "wallet_2": {
    "tbtc_balance": 0.06029425,
    "tbtc_usd_value": 6409.22
  },
  "timestamp": "2025-07-01T13:34:08Z"
}
