{
  "tbtc_price_usd": 107744,
  "nummus_price_usd": 0.091091,
  "total_tbtc_balance": 0.07684491,
  "total_usd_value": 8279.58,
  "wallet_1": {
    "tbtc_balance": 0.00639871,
    "tbtc_usd_value": 689.42
  },
  "wallet_2": {
    "tbtc_balance": 0.07044620,
    "tbtc_usd_value": 7590.16
  },
  "timestamp": "2025-07-06T09:20:03Z"
}
