{
  "tbtc_price_usd": 117416,
  "nummus_price_usd": 0.085195,
  "total_tbtc_balance": 0.09796888,
  "total_usd_value": 11503.12,
  "wallet_1": {
    "tbtc_balance": 0.00263557,
    "tbtc_usd_value": 309.46
  },
  "wallet_2": {
    "tbtc_balance": 0.09533331,
    "tbtc_usd_value": 11193.66
  },
  "timestamp": "2025-07-11T07:22:26Z"
}
