{
  "tbtc_price_usd": 118670,
  "nummus_price_usd": 0.067036,
  "total_tbtc_balance": 0.10664534,
  "total_usd_value": 12655.60,
  "wallet_1": {
    "tbtc_balance": 0.00505754,
    "tbtc_usd_value": 600.18
  },
  "wallet_2": {
    "tbtc_balance": 0.10158780,
    "tbtc_usd_value": 12055.42
  },
  "timestamp": "2025-07-14T01:55:12Z"
}
