{
  "tbtc_price_usd": 118825,
  "nummus_price_usd": 0.124781,
  "total_tbtc_balance": 0.15079556,
  "total_usd_value": 17918.29,
  "wallet_1": {
    "tbtc_balance": 0.00138150,
    "tbtc_usd_value": 164.16
  },
  "wallet_2": {
    "tbtc_balance": 0.14941406,
    "tbtc_usd_value": 17754.13
  },
  "timestamp": "2025-07-24T01:54:20Z"
}
