{
  "tbtc_price_usd": 107775,
  "nummus_price_usd": 0.102026,
  "total_tbtc_balance": 0.07510853,
  "total_usd_value": 8094.82,
  "wallet_1": {
    "tbtc_balance": 0.00466233,
    "tbtc_usd_value": 502.48
  },
  "wallet_2": {
    "tbtc_balance": 0.07044620,
    "tbtc_usd_value": 7592.34
  },
  "timestamp": "2025-07-05T09:20:20Z"
}
