{
  "tbtc_price_usd": 119275,
  "nummus_price_usd": 0.106532,
  "total_tbtc_balance": 0.12711046,
  "total_usd_value": 15161.10,
  "wallet_1": {
    "tbtc_balance": 0.00102546,
    "tbtc_usd_value": 122.31
  },
  "wallet_2": {
    "tbtc_balance": 0.12608500,
    "tbtc_usd_value": 15038.79
  },
  "timestamp": "2025-07-18T12:48:05Z"
}
